"name","version","status","serverId","versionId","publishedAt","updatedAt","isLatest"
,,,,,"09/08/2025 23:47:09","09/09/2025 00:16:49","False"
,,,,,"09/09/2025 00:16:49","09/09/2025 00:16:49","True"
,,,,,"09/09/2025 00:19:19","09/09/2025 00:19:19","True"
,,,,,"09/09/2025 03:01:43","09/09/2025 04:08:35","False"
,,,,,"09/09/2025 03:30:11","09/09/2025 03:30:11","True"
,,,,,"09/09/2025 04:02:19","09/09/2025 04:14:51","False"
,,,,,"09/09/2025 04:08:35","09/09/2025 04:08:35","True"
,,,,,"09/09/2025 04:14:51","09/09/2025 04:14:51","True"
,,,,,"09/09/2025 04:31:18","09/12/2025 03:19:04","False"
,,,,,"09/09/2025 04:42:11","09/09/2025 04:42:11","False"
,,,,,"09/09/2025 05:26:17","09/09/2025 05:26:17","True"
,,,,,"09/09/2025 05:59:06","09/09/2025 05:59:06","True"
,,,,,"09/09/2025 06:10:41","09/09/2025 06:10:41","True"
,,,,,"09/09/2025 06:16:24","09/09/2025 06:16:24","True"
,,,,,"09/09/2025 06:16:30","09/09/2025 06:16:30","True"
,,,,,"09/09/2025 06:16:36","09/09/2025 06:16:36","True"
,,,,,"09/09/2025 06:16:40","09/09/2025 06:16:40","True"
,,,,,"09/09/2025 06:28:26","09/09/2025 06:28:26","True"
,,,,,"09/09/2025 06:51:49","09/09/2025 06:51:49","False"
,,,,,"09/09/2025 07:04:48","09/09/2025 07:10:11","False"
,,,,,"09/09/2025 07:06:26","09/09/2025 07:06:26","True"
,,,,,"09/09/2025 07:10:11","09/09/2025 07:10:11","True"
,,,,,"09/09/2025 07:37:00","09/09/2025 07:37:00","True"
,,,,,"09/09/2025 08:43:00","09/09/2025 10:02:57","False"
,,,,,"09/09/2025 10:02:57","09/09/2025 10:02:57","True"
,,,,,"09/09/2025 10:36:46","09/14/2025 02:22:00","False"
,,,,,"09/09/2025 11:30:24","09/09/2025 11:30:24","True"
,,,,,"09/09/2025 11:42:51","09/09/2025 11:42:51","True"
,,,,,"09/09/2025 12:10:02","09/09/2025 12:10:02","True"
,,,,,"09/09/2025 13:04:11","09/09/2025 13:04:11","True"
,,,,,"09/09/2025 13:30:29","09/09/2025 13:43:56","False"
,,,,,"09/09/2025 13:43:56","09/12/2025 07:06:18","False"
,,,,,"09/09/2025 13:45:29","09/09/2025 13:45:29","True"
,,,,,"09/09/2025 13:53:12","09/09/2025 19:08:26","False"
,,,,,"09/09/2025 14:20:40","09/09/2025 14:20:40","True"
,,,,,"09/09/2025 14:23:23","09/09/2025 14:23:23","True"
,,,,,"09/09/2025 14:32:49","09/09/2025 14:32:49","True"
,,,,,"09/09/2025 14:32:52","09/09/2025 14:32:52","True"
,,,,,"09/09/2025 14:32:54","09/09/2025 14:32:54","True"
,,,,,"09/09/2025 14:37:01","09/09/2025 14:37:01","True"
,,,,,"09/09/2025 14:44:19","09/09/2025 14:44:19","True"
,,,,,"09/09/2025 14:46:07","09/09/2025 14:46:07","True"
,,,,,"09/09/2025 14:46:07","09/09/2025 14:46:07","True"
,,,,,"09/09/2025 14:46:08","09/09/2025 14:46:08","True"
,,,,,"09/09/2025 14:46:09","09/09/2025 14:46:09","True"
,,,,,"09/09/2025 14:46:10","09/09/2025 14:46:10","True"
,,,,,"09/09/2025 14:57:28","09/09/2025 14:57:28","True"
,,,,,"09/09/2025 15:19:22","09/09/2025 15:19:22","True"
,,,,,"09/09/2025 15:58:08","09/09/2025 15:58:08","True"
,,,,,"09/09/2025 16:40:36","09/09/2025 16:40:36","True"
,,,,,"09/09/2025 18:04:37","09/09/2025 18:04:37","True"
,,,,,"09/09/2025 18:15:23","09/22/2025 21:07:57","False"
,,,,,"09/09/2025 19:05:37","09/09/2025 19:54:23","False"
,,,,,"09/09/2025 19:08:26","09/11/2025 13:43:51","False"
,,,,,"09/09/2025 19:20:31","09/09/2025 19:25:39","False"
,,,,,"09/09/2025 19:25:39","09/09/2025 19:44:30","False"
,,,,,"09/09/2025 19:28:43","09/09/2025 19:35:28","False"
,,,,,"09/09/2025 19:35:28","09/09/2025 19:36:28","False"
,,,,,"09/09/2025 19:36:27","09/09/2025 19:42:00","False"
,,,,,"09/09/2025 19:42:00","09/09/2025 19:49:54","False"
,,,,,"09/09/2025 19:44:30","09/09/2025 19:49:24","False"
,,,,,"09/09/2025 19:49:24","09/09/2025 19:53:13","False"
,,,,,"09/09/2025 19:49:54","09/09/2025 19:49:54","True"
,,,,,"09/09/2025 19:53:13","09/09/2025 19:53:13","True"
,,,,,"09/09/2025 19:54:23","09/09/2025 19:54:23","True"
,,,,,"09/09/2025 19:59:31","09/09/2025 20:02:38","False"
,,,,,"09/09/2025 19:59:53","09/09/2025 19:59:53","True"
,,,,,"09/09/2025 20:02:38","09/09/2025 20:02:38","True"
,,,,,"09/09/2025 20:03:56","09/09/2025 20:03:56","True"
,,,,,"09/09/2025 20:04:16","09/09/2025 20:04:16","True"
,,,,,"09/09/2025 20:16:56","09/10/2025 18:02:28","False"
,,,,,"09/10/2025 13:56:29","09/18/2025 20:48:56","False"
,,,,,"09/10/2025 13:57:16","09/12/2025 12:58:23","False"
,,,,,"09/10/2025 13:57:43","09/10/2025 13:57:43","True"
,,,,,"09/10/2025 13:59:26","09/10/2025 13:59:26","True"
,,,,,"09/10/2025 14:04:47","09/28/2025 22:41:40","False"
,,,,,"09/10/2025 14:28:10","09/10/2025 14:28:10","True"
,,,,,"09/10/2025 14:43:00","09/19/2025 10:37:43","False"
,,,,,"09/10/2025 14:44:46","09/22/2025 20:19:27","False"
,,,,,"09/10/2025 14:59:09","09/10/2025 14:59:09","True"
,,,,,"09/10/2025 15:01:36","09/10/2025 15:01:36","True"
,,,,,"09/10/2025 15:03:12","09/10/2025 15:03:12","True"
,,,,,"09/10/2025 15:16:37","09/11/2025 00:59:36","False"
,,,,,"09/10/2025 15:18:06","09/10/2025 15:18:06","True"
,,,,,"09/10/2025 15:19:19","09/10/2025 15:19:19","True"
,,,,,"09/10/2025 15:23:14","09/10/2025 18:54:52","False"
,,,,,"09/10/2025 15:31:23","09/10/2025 16:00:22","False"
,,,,,"09/10/2025 15:38:28","09/10/2025 15:38:28","False"
,,,,,"09/10/2025 15:43:19","09/18/2025 16:40:24","False"
,,,,,"09/10/2025 15:44:45","09/10/2025 15:44:45","False"
,,,,,"09/10/2025 15:57:56","09/16/2025 07:56:23","False"
,,,,,"09/10/2025 16:00:22","09/16/2025 22:11:37","False"
,,,,,"09/10/2025 16:07:02","09/10/2025 16:07:02","True"
,,,,,"09/10/2025 16:12:03","09/10/2025 16:12:03","True"
,,,,,"09/10/2025 16:20:48","09/10/2025 16:46:39","False"
,,,,,"09/10/2025 16:22:10","09/10/2025 16:22:10","True"
,,,,,"09/10/2025 16:28:04","09/10/2025 16:53:23","False"
,,,,,"09/10/2025 16:44:28","09/10/2025 16:44:28","True"
,,,,,"09/10/2025 16:46:39","09/10/2025 16:55:33","False"
,,,,,"09/10/2025 16:49:33","09/10/2025 16:49:33","True"
,,,,,"09/10/2025 16:53:23","09/10/2025 16:53:23","True"
,,,,,"09/10/2025 16:55:33","09/10/2025 16:59:34","False"
,,,,,"09/10/2025 16:57:17","09/10/2025 16:57:17","True"
,,,,,"09/10/2025 16:59:34","09/10/2025 16:59:34","True"
,,,,,"09/10/2025 17:02:25","09/10/2025 17:02:25","True"
,,,,,"09/10/2025 17:03:02","09/10/2025 17:03:02","True"
,,,,,"09/10/2025 17:15:32","09/10/2025 17:21:34","False"
,,,,,"09/10/2025 17:21:34","09/10/2025 17:21:34","True"
,,,,,"09/10/2025 17:52:23","09/10/2025 17:52:23","False"
,,,,,"09/10/2025 17:56:34","09/10/2025 17:56:34","True"
,,,,,"09/10/2025 18:02:28","09/10/2025 18:02:28","True"
,,,,,"09/10/2025 18:08:11","09/10/2025 18:08:11","True"
,,,,,"09/10/2025 18:15:03","09/10/2025 18:15:03","True"
,,,,,"09/10/2025 18:19:06","09/10/2025 18:19:06","True"
,,,,,"09/10/2025 18:22:01","09/10/2025 18:22:01","True"
,,,,,"09/10/2025 18:22:12","09/10/2025 18:22:12","True"
,,,,,"09/10/2025 18:26:59","09/10/2025 18:26:59","True"
,,,,,"09/10/2025 18:54:52","09/10/2025 18:54:52","True"
,,,,,"09/10/2025 19:01:31","09/10/2025 19:01:31","True"
,,,,,"09/10/2025 19:14:35","09/14/2025 14:57:56","False"
,,,,,"09/10/2025 19:14:36","09/10/2025 19:14:36","True"
,,,,,"09/10/2025 19:23:14","09/10/2025 19:23:14","False"
,,,,,"09/10/2025 19:25:38","09/12/2025 14:23:41","False"
,,,,,"09/10/2025 19:32:04","09/10/2025 19:32:04","True"
,,,,,"09/10/2025 20:31:27","09/10/2025 20:31:27","True"
,,,,,"09/10/2025 20:39:40","09/10/2025 20:39:40","True"
,,,,,"09/10/2025 20:56:36","09/10/2025 20:56:36","True"
,,,,,"09/10/2025 21:06:07","09/12/2025 18:25:16","False"
,,,,,"09/10/2025 22:00:17","09/10/2025 22:00:17","True"
,,,,,"09/10/2025 22:05:20","09/10/2025 22:05:20","True"
,,,,,"09/11/2025 00:37:16","09/11/2025 00:37:16","True"
,,,,,"09/11/2025 00:42:54","09/11/2025 00:42:54","True"
,,,,,"09/11/2025 00:59:36","09/11/2025 00:59:36","True"
,,,,,"09/11/2025 01:00:19","09/11/2025 01:06:15","False"
,,,,,"09/11/2025 01:06:15","09/12/2025 01:41:27","False"
,,,,,"09/11/2025 01:31:51","09/11/2025 01:31:51","True"
,,,,,"09/11/2025 01:33:53","09/11/2025 01:33:53","True"
,,,,,"09/11/2025 01:34:28","09/11/2025 01:34:28","True"
,,,,,"09/11/2025 01:34:53","09/11/2025 01:34:53","True"
,,,,,"09/11/2025 02:29:56","09/11/2025 02:29:56","True"
,,,,,"09/11/2025 02:48:54","09/11/2025 03:19:12","False"
,,,,,"09/11/2025 03:19:12","09/15/2025 14:34:34","False"
,,,,,"09/11/2025 03:53:53","09/11/2025 03:53:53","True"
,,,,,"09/11/2025 05:36:33","09/11/2025 05:36:33","True"
,,,,,"09/11/2025 05:56:30","09/11/2025 05:56:30","True"
,,,,,"09/11/2025 05:56:37","09/11/2025 05:56:37","True"
,,,,,"09/11/2025 06:54:10","09/11/2025 06:54:10","True"
,,,,,"09/11/2025 08:26:14","09/11/2025 12:44:51","False"
,,,,,"09/11/2025 09:34:47","09/11/2025 09:41:43","False"
,,,,,"09/11/2025 09:41:43","09/11/2025 09:41:43","True"
,,,,,"09/11/2025 11:59:13","09/11/2025 11:59:13","True"
,,,,,"09/11/2025 12:16:49","09/11/2025 12:16:49","True"
,,,,,"09/11/2025 12:17:16","09/11/2025 12:17:16","True"
,,,,,"09/11/2025 12:44:51","09/11/2025 12:44:51","True"
,,,,,"09/11/2025 12:48:16","09/11/2025 12:48:16","True"
,,,,,"09/11/2025 13:43:51","09/11/2025 13:43:51","False"
,,,,,"09/11/2025 13:54:30","09/11/2025 13:54:30","True"
,,,,,"09/11/2025 13:57:38","09/11/2025 13:57:38","True"
,,,,,"09/11/2025 13:58:16","09/11/2025 13:58:16","True"
,,,,,"09/11/2025 15:24:28","09/11/2025 15:24:28","True"
,,,,,"09/11/2025 16:40:10","09/15/2025 08:03:29","False"
,,,,,"09/11/2025 16:52:48","09/11/2025 16:52:48","True"
,,,,,"09/11/2025 17:37:51","09/11/2025 17:37:51","True"
,,,,,"09/11/2025 18:11:49","09/11/2025 18:27:40","False"
,,,,,"09/11/2025 18:16:25","09/11/2025 18:16:25","True"
,,,,,"09/11/2025 18:24:40","09/11/2025 18:24:40","True"
,,,,,"09/11/2025 18:27:40","09/11/2025 18:30:58","False"
,,,,,"09/11/2025 18:30:58","09/11/2025 18:33:51","False"
,,,,,"09/11/2025 18:33:51","09/11/2025 18:33:51","True"
,,,,,"09/11/2025 18:40:25","09/11/2025 18:40:25","True"
,,,,,"09/11/2025 19:15:39","09/11/2025 19:15:39","True"
,,,,,"09/11/2025 22:19:32","09/11/2025 22:25:50","False"
,,,,,"09/11/2025 22:25:50","09/11/2025 22:25:50","True"
,,,,,"09/11/2025 23:27:56","09/12/2025 19:23:45","False"
,,,,,"09/12/2025 00:28:17","09/12/2025 00:28:17","True"
,,,,,"09/12/2025 01:14:07","09/12/2025 01:14:07","True"
,,,,,"09/12/2025 01:24:42","09/12/2025 01:24:42","True"
,,,,,"09/12/2025 01:41:27","09/12/2025 01:50:59","False"
,,,,,"09/12/2025 01:50:59","09/12/2025 01:53:51","False"
,,,,,"09/12/2025 01:53:51","09/12/2025 01:55:40","False"
,,,,,"09/12/2025 01:55:40","09/12/2025 02:03:43","False"
,,,,,"09/12/2025 02:03:43","09/12/2025 04:24:04","False"
,,,,,"09/12/2025 02:14:45","09/12/2025 02:14:45","True"
,,,,,"09/12/2025 02:58:39","09/12/2025 02:58:39","True"
,,,,,"09/12/2025 03:19:04","09/12/2025 03:19:04","True"
,,,,,"09/12/2025 04:07:55","09/12/2025 04:07:55","True"
,,,,,"09/12/2025 04:24:04","09/12/2025 04:28:40","False"
,,,,,"09/12/2025 04:28:40","09/12/2025 04:48:10","False"
,,,,,"09/12/2025 04:48:10","09/12/2025 05:10:59","False"
,,,,,"09/12/2025 05:10:59","09/18/2025 00:54:49","False"
,,,,,"09/12/2025 06:37:08","09/12/2025 06:40:04","False"
,,,,,"09/12/2025 06:40:04","09/12/2025 06:40:04","True"
,,,,,"09/12/2025 07:06:18","09/12/2025 07:06:18","True"
,,,,,"09/12/2025 10:10:54","09/12/2025 10:10:54","True"
,,,,,"09/12/2025 10:14:26","09/12/2025 11:41:26","False"
,,,,,"09/12/2025 11:41:26","09/12/2025 11:41:26","True"
,,,,,"09/12/2025 12:58:23","09/12/2025 12:58:23","True"
,,,,,"09/12/2025 13:13:51","09/12/2025 13:13:51","True"
,,,,,"09/12/2025 13:24:44","09/12/2025 13:24:44","True"
,,,,,"09/12/2025 13:41:08","09/12/2025 13:41:08","True"
,,,,,"09/12/2025 14:23:41","09/19/2025 09:07:32","False"
,,,,,"09/12/2025 15:06:41","09/15/2025 12:27:37","False"
,,,,,"09/12/2025 15:07:41","09/12/2025 15:07:41","True"
,,,,,"09/12/2025 15:42:35","09/12/2025 15:42:35","True"
,,,,,"09/12/2025 15:58:51","09/12/2025 15:58:51","True"
,,,,,"09/12/2025 16:29:27","09/12/2025 16:29:27","True"
,,,,,"09/12/2025 16:36:52","09/12/2025 16:52:50","False"
,,,,,"09/12/2025 16:52:50","09/12/2025 16:52:50","True"
,,,,,"09/12/2025 17:28:32","09/12/2025 17:28:32","True"
,,,,,"09/12/2025 17:59:11","09/12/2025 17:59:11","True"
,,,,,"09/12/2025 18:25:16","09/12/2025 18:25:16","True"
,,,,,"09/12/2025 19:05:34","09/18/2025 13:15:52","False"
,,,,,"09/12/2025 19:23:45","09/12/2025 19:27:49","False"
,,,,,"09/12/2025 19:27:49","09/12/2025 19:27:49","True"
,,,,,"09/12/2025 20:09:50","09/12/2025 20:09:50","True"
,,,,,"09/12/2025 21:10:44","09/12/2025 21:10:44","True"
,,,,,"09/12/2025 21:46:16","09/12/2025 21:46:16","True"
,,,,,"09/12/2025 22:36:40","09/12/2025 22:36:40","True"
,,,,,"09/13/2025 02:14:01","09/13/2025 02:14:01","True"
,,,,,"09/13/2025 06:08:16","09/13/2025 06:08:16","True"
,,,,,"09/13/2025 07:42:46","09/13/2025 07:58:52","False"
,,,,,"09/13/2025 07:58:52","09/21/2025 13:14:02","False"
,,,,,"09/13/2025 08:20:45","09/15/2025 03:10:53","False"
,,,,,"09/13/2025 08:34:23","09/29/2025 12:06:58","False"
,,,,,"09/13/2025 08:37:37","09/15/2025 03:33:42","False"
,,,,,"09/13/2025 10:28:59","09/13/2025 10:28:59","False"
,,,,,"09/13/2025 11:37:20","09/13/2025 13:17:33","False"
,,,,,"09/13/2025 11:40:42","09/13/2025 13:17:33","False"
,,,,,"09/13/2025 11:40:51","09/13/2025 13:17:32","False"
,,,,,"09/13/2025 12:45:28","09/13/2025 12:45:28","True"
,,,,,"09/13/2025 13:17:32","09/13/2025 13:18:50","False"
,,,,,"09/13/2025 13:17:33","09/13/2025 13:18:50","False"
,,,,,"09/13/2025 13:17:33","09/13/2025 13:18:51","False"
,,,,,"09/13/2025 13:18:50","09/13/2025 13:29:18","False"
,,,,,"09/13/2025 13:18:50","09/13/2025 13:29:18","False"
,,,,,"09/13/2025 13:18:51","09/13/2025 13:29:18","False"
,,,,,"09/13/2025 13:29:18","09/13/2025 13:29:18","True"
,,,,,"09/13/2025 13:29:18","09/13/2025 13:29:18","True"
,,,,,"09/13/2025 13:29:18","09/13/2025 13:29:18","True"
,,,,,"09/13/2025 13:55:18","09/13/2025 14:40:04","False"
,,,,,"09/13/2025 14:40:04","09/14/2025 07:53:18","False"
,,,,,"09/13/2025 14:43:00","09/14/2025 09:27:10","False"
,,,,,"09/13/2025 16:13:29","09/15/2025 11:11:03","False"
,,,,,"09/13/2025 17:26:11","09/13/2025 17:26:11","True"
,,,,,"09/13/2025 19:11:59","09/13/2025 19:11:59","True"
,,,,,"09/13/2025 21:20:44","09/13/2025 21:20:44","True"
,,,,,"09/13/2025 22:54:39","09/13/2025 22:54:39","True"
,,,,,"09/13/2025 23:46:02","09/13/2025 23:46:02","True"
,,,,,"09/13/2025 23:56:21","09/13/2025 23:56:21","True"
,,,,,"09/14/2025 02:22:00","09/16/2025 22:54:28","False"
,,,,,"09/14/2025 03:11:31","09/14/2025 03:11:31","True"
,,,,,"09/14/2025 05:32:58","09/14/2025 05:32:58","True"
,,,,,"09/14/2025 07:16:07","09/14/2025 07:16:07","True"
,,,,,"09/14/2025 07:53:18","09/14/2025 10:38:58","False"
,,,,,"09/14/2025 08:06:30","09/14/2025 08:06:30","False"
,,,,,"09/14/2025 08:07:06","09/14/2025 08:07:06","False"
,,,,,"09/14/2025 08:12:36","09/14/2025 08:12:36","False"
,,,,,"09/14/2025 09:08:13","09/14/2025 10:06:30","False"
,,,,,"09/14/2025 09:27:10","09/14/2025 09:57:57","False"
,,,,,"09/14/2025 09:57:57","09/14/2025 09:57:57","True"
,,,,,"09/14/2025 10:06:30","09/15/2025 13:43:27","False"
,,,,,"09/14/2025 10:38:58","09/14/2025 14:57:18","False"
,,,,,"09/14/2025 11:16:38","09/14/2025 11:16:38","True"
,,,,,"09/14/2025 13:42:20","09/14/2025 13:42:20","True"
,,,,,"09/14/2025 14:25:46","09/14/2025 14:25:46","True"
,,,,,"09/14/2025 14:57:18","09/14/2025 14:57:18","True"
,,,,,"09/14/2025 14:57:56","09/19/2025 15:45:51","False"
,,,,,"09/14/2025 15:20:36","09/14/2025 15:20:36","True"
,,,,,"09/14/2025 17:42:05","09/14/2025 17:42:05","True"
,,,,,"09/14/2025 21:19:18","09/14/2025 21:19:18","True"
,,,,,"09/14/2025 21:38:57","09/14/2025 21:38:57","True"
,,,,,"09/14/2025 21:53:54","09/14/2025 21:53:54","True"
,,,,,"09/14/2025 22:00:51","09/14/2025 22:00:51","True"
,,,,,"09/14/2025 22:40:30","09/14/2025 22:40:30","True"
,,,,,"09/15/2025 00:05:40","09/16/2025 01:51:47","False"
,,,,,"09/15/2025 00:26:36","09/15/2025 00:26:36","True"
,,,,,"09/15/2025 03:10:52","09/21/2025 14:08:58","False"
,,,,,"09/15/2025 03:11:16","09/15/2025 04:01:11","False"
,,,,,"09/15/2025 03:33:42","09/29/2025 12:00:09","False"
,,,,,"09/15/2025 03:34:24","09/15/2025 03:34:24","True"
,,,,,"09/15/2025 03:39:21","09/15/2025 03:39:21","True"
,,,,,"09/15/2025 04:01:11","09/15/2025 04:20:53","False"
,,,,,"09/15/2025 04:20:53","09/16/2025 23:02:09","False"
,,,,,"09/15/2025 06:34:25","09/15/2025 07:27:45","False"
,,,,,"09/15/2025 07:27:45","09/15/2025 07:27:45","True"
,,,,,"09/15/2025 08:03:29","09/17/2025 14:08:48","False"
,,,,,"09/15/2025 11:11:03","09/15/2025 12:55:00","False"
,,,,,"09/15/2025 11:13:59","09/18/2025 08:07:03","False"
,,,,,"09/15/2025 11:36:02","09/15/2025 11:36:02","True"
,,,,,"09/15/2025 11:45:18","09/15/2025 11:45:18","True"
,,,,,"09/15/2025 12:27:37","09/17/2025 18:13:49","False"
,,,,,"09/15/2025 12:44:26","09/15/2025 12:44:26","True"
,,,,,"09/15/2025 12:55:00","09/15/2025 12:56:52","False"
,,,,,"09/15/2025 12:56:52","09/16/2025 04:55:02","False"
,,,,,"09/15/2025 12:59:07","09/26/2025 16:34:39","False"
,,,,,"09/15/2025 13:34:11","09/15/2025 13:34:11","False"
,,,,,"09/15/2025 13:43:27","09/26/2025 00:34:47","False"
,,,,,"09/15/2025 14:34:34","09/15/2025 14:34:34","True"
,,,,,"09/15/2025 16:48:08","09/15/2025 16:48:08","True"
,,,,,"09/15/2025 17:56:16","09/15/2025 17:56:16","True"
,,,,,"09/15/2025 20:35:36","09/18/2025 21:32:17","False"
,,,,,"09/15/2025 21:00:43","09/15/2025 21:00:43","True"
,,,,,"09/15/2025 22:35:28","09/15/2025 22:35:28","True"
,,,,,"09/15/2025 23:12:29","09/15/2025 23:12:29","True"
,,,,,"09/16/2025 00:14:29","09/16/2025 00:14:29","True"
,,,,,"09/16/2025 01:10:37","09/16/2025 01:10:37","True"
,,,,,"09/16/2025 01:51:47","09/16/2025 01:51:47","True"
,,,,,"09/16/2025 04:55:02","09/16/2025 04:55:02","True"
,,,,,"09/16/2025 06:05:33","09/16/2025 06:05:33","True"
,,,,,"09/16/2025 06:32:38","09/16/2025 06:32:38","True"
,,,,,"09/16/2025 07:43:34","09/16/2025 07:43:34","False"
,,,,,"09/16/2025 07:56:23","09/16/2025 07:56:23","True"
,,,,,"09/16/2025 10:02:42","09/16/2025 10:02:42","False"
,,,,,"09/16/2025 11:19:24","09/16/2025 11:19:24","True"
,,,,,"09/16/2025 12:14:32","09/16/2025 12:14:32","False"
,,,,,"09/16/2025 12:14:42","09/16/2025 12:14:42","False"
,,,,,"09/16/2025 13:06:55","09/16/2025 13:06:55","True"
,,,,,"09/16/2025 13:14:05","09/16/2025 13:14:05","False"
,,,,,"09/16/2025 16:29:26","09/16/2025 16:29:26","True"
,,,,,"09/16/2025 16:43:44","09/16/2025 16:43:44","True"
,,,,,"09/16/2025 17:17:18","09/16/2025 17:17:18","False"
,,,,,"09/16/2025 18:37:57","09/18/2025 03:19:27","False"
,,,,,"09/16/2025 19:42:06","09/17/2025 10:41:17","False"
,,,,,"09/16/2025 19:53:18","09/16/2025 19:53:18","True"
,,,,,"09/16/2025 21:06:15","09/16/2025 21:06:15","True"
,,,,,"09/16/2025 21:19:26","09/16/2025 21:19:26","True"
,,,,,"09/16/2025 22:06:29","09/16/2025 22:06:29","True"
,,,,,"09/16/2025 22:11:37","09/16/2025 22:30:54","False"
,,,,,"09/16/2025 22:22:05","09/22/2025 16:27:58","False"
,,,,,"09/16/2025 22:30:54","09/17/2025 01:27:02","False"
,,,,,"09/16/2025 22:41:06","09/18/2025 14:42:06","False"
,,,,,"09/16/2025 22:54:28","09/16/2025 22:54:28","True"
,,,,,"09/16/2025 23:01:22","09/16/2025 23:01:22","True"
,,,,,"09/16/2025 23:02:09","09/16/2025 23:02:09","True"
,,,,,"09/16/2025 23:53:10","09/16/2025 23:53:10","False"
,,,,,"09/17/2025 01:27:02","09/17/2025 01:44:26","False"
,,,,,"09/17/2025 01:44:26","09/18/2025 17:33:36","False"
,,,,,"09/17/2025 02:23:35","09/17/2025 02:23:35","True"
,,,,,"09/17/2025 02:35:06","09/17/2025 02:38:18","False"
,,,,,"09/17/2025 02:38:18","09/17/2025 03:00:38","False"
,,,,,"09/17/2025 03:00:38","09/17/2025 03:17:49","False"
,,,,,"09/17/2025 03:17:49","09/17/2025 03:17:49","True"
,,,,,"09/17/2025 03:32:54","09/17/2025 03:32:54","True"
,,,,,"09/17/2025 04:55:34","09/17/2025 04:55:34","True"
,,,,,"09/17/2025 06:19:21","09/17/2025 06:19:21","True"
,,,,,"09/17/2025 06:55:47","09/17/2025 06:55:47","True"
,,,,,"09/17/2025 07:22:50","09/17/2025 07:22:50","True"
,,,,,"09/17/2025 07:27:14","09/17/2025 08:10:03","False"
,,,,,"09/17/2025 08:10:03","09/29/2025 19:06:38","False"
,,,,,"09/17/2025 08:19:12","09/17/2025 12:43:41","False"
,,,,,"09/17/2025 08:32:24","09/17/2025 08:32:24","True"
,,,,,"09/17/2025 09:26:34","09/17/2025 09:26:34","True"
,,,,,"09/17/2025 09:30:42","09/17/2025 09:30:42","True"
,,,,,"09/17/2025 10:15:32","09/17/2025 10:22:23","False"
,,,,,"09/17/2025 10:22:23","09/17/2025 10:22:23","True"
,,,,,"09/17/2025 10:41:17","09/17/2025 10:41:17","True"
,,,,,"09/17/2025 11:42:47","09/17/2025 11:42:47","True"
,,,,,"09/17/2025 12:43:41","09/19/2025 06:42:00","False"
,,,,,"09/17/2025 13:24:08","09/17/2025 13:24:08","True"
,,,,,"09/17/2025 13:24:12","09/17/2025 13:24:12","True"
,,,,,"09/17/2025 13:24:18","09/17/2025 13:24:18","False"
,,,,,"09/17/2025 13:52:27","09/17/2025 13:52:27","True"
,,,,,"09/17/2025 14:08:48","09/17/2025 14:08:48","True"
,,,,,"09/17/2025 14:15:12","09/17/2025 14:15:12","False"
,,,,,"09/17/2025 14:15:14","09/17/2025 14:41:53","False"
,,,,,"09/17/2025 14:41:53","09/17/2025 14:43:14","False"
,,,,,"09/17/2025 14:43:14","09/17/2025 15:07:56","False"
,,,,,"09/17/2025 14:44:53","09/17/2025 14:44:53","False"
,,,,,"09/17/2025 14:53:07","09/17/2025 14:53:07","True"
,,,,,"09/17/2025 15:07:56","09/17/2025 15:08:38","False"
,,,,,"09/17/2025 15:08:38","09/17/2025 15:11:26","False"
,,,,,"09/17/2025 15:11:26","09/17/2025 15:13:14","False"
,,,,,"09/17/2025 15:13:14","09/20/2025 13:08:19","False"
,,,,,"09/17/2025 15:39:49","09/20/2025 10:45:00","False"
,,,,,"09/17/2025 16:40:08","09/17/2025 16:49:19","False"
,,,,,"09/17/2025 16:49:19","09/17/2025 16:49:19","True"
,,,,,"09/17/2025 17:15:50","09/17/2025 17:15:50","True"
,,,,,"09/17/2025 17:32:31","09/17/2025 17:32:31","True"
,,,,,"09/17/2025 18:13:49","09/26/2025 17:26:33","False"
,,,,,"09/17/2025 18:33:35","09/17/2025 18:55:31","False"
,,,,,"09/17/2025 18:55:31","09/17/2025 18:55:31","True"
,,,,,"09/17/2025 19:06:43","09/17/2025 20:28:36","False"
,,,,,"09/17/2025 20:04:01","09/17/2025 20:14:22","False"
,,,,,"09/17/2025 20:14:22","09/17/2025 20:15:17","False"
,,,,,"09/17/2025 20:15:17","09/17/2025 20:15:17","True"
,,,,,"09/17/2025 20:28:36","09/17/2025 20:28:36","False"
,,,,,"09/17/2025 20:44:09","09/17/2025 20:44:09","True"
,,,,,"09/17/2025 20:50:30","09/17/2025 20:50:30","True"
,,,,,"09/17/2025 21:07:34","09/17/2025 21:09:37","False"
,,,,,"09/17/2025 21:09:37","09/17/2025 21:13:12","False"
,,,,,"09/17/2025 21:13:12","09/17/2025 21:13:12","True"
,,,,,"09/17/2025 21:18:23","09/17/2025 21:29:22","False"
,,,,,"09/17/2025 21:29:22","09/17/2025 21:29:22","True"
,,,,,"09/17/2025 22:59:34","09/17/2025 22:59:34","True"
,,,,,"09/17/2025 23:25:24","09/17/2025 23:25:24","True"
,,,,,"09/17/2025 23:55:52","09/20/2025 13:17:42","False"
,,,,,"09/18/2025 00:33:15","09/18/2025 00:35:55","False"
,,,,,"09/18/2025 00:35:55","09/18/2025 00:35:55","True"
,,,,,"09/18/2025 00:54:48","09/18/2025 00:54:48","True"
,,,,,"09/18/2025 01:20:01","09/18/2025 01:20:01","True"
,,,,,"09/18/2025 02:09:11","09/18/2025 02:09:11","True"
,,,,,"09/18/2025 02:53:22","09/18/2025 02:53:22","False"
,,,,,"09/18/2025 03:19:27","09/18/2025 03:19:27","True"
,,,,,"09/18/2025 04:56:15","09/18/2025 04:56:15","True"
,,,,,"09/18/2025 05:18:13","09/18/2025 05:18:13","True"
,,,,,"09/18/2025 06:42:30","09/18/2025 06:42:30","True"
,,,,,"09/18/2025 07:48:26","09/18/2025 07:48:26","True"
,,,,,"09/18/2025 07:51:38","09/18/2025 07:51:38","True"
,,,,,"09/18/2025 08:07:03","09/18/2025 08:07:03","False"
,,,,,"09/18/2025 08:13:10","09/18/2025 08:13:10","True"
,,,,,"09/18/2025 08:16:15","09/18/2025 08:16:15","True"
,,,,,"09/18/2025 08:25:43","09/18/2025 20:23:31","False"
,,,,,"09/18/2025 08:35:04","09/18/2025 08:35:04","True"
,,,,,"09/18/2025 09:15:43","09/18/2025 09:15:43","True"
,,,,,"09/18/2025 09:25:11","09/18/2025 09:25:11","True"
,,,,,"09/18/2025 09:44:13","09/18/2025 09:44:13","True"
,,,,,"09/18/2025 10:21:35","09/18/2025 10:21:35","True"
,,,,,"09/18/2025 10:31:39","09/18/2025 10:31:39","True"
,,,,,"09/18/2025 11:54:55","09/18/2025 17:29:14","False"
,,,,,"09/18/2025 12:13:25","09/18/2025 12:13:25","True"
,,,,,"09/18/2025 12:49:06","09/18/2025 12:49:06","True"
,,,,,"09/18/2025 12:55:25","09/18/2025 12:55:25","True"
,,,,,"09/18/2025 13:15:52","09/26/2025 16:35:30","False"
,,,,,"09/18/2025 13:40:45","09/18/2025 13:40:45","True"
,,,,,"09/18/2025 14:22:20","09/18/2025 14:22:20","True"
,,,,,"09/18/2025 14:38:06","09/18/2025 14:38:06","True"
,,,,,"09/18/2025 14:42:06","09/18/2025 14:42:06","True"
,,,,,"09/18/2025 15:51:15","09/18/2025 15:51:15","True"
,,,,,"09/18/2025 16:40:24","09/18/2025 16:40:24","True"
,,,,,"09/18/2025 17:29:14","09/18/2025 17:29:14","True"
,,,,,"09/18/2025 17:33:36","09/18/2025 21:01:12","False"
,,,,,"09/18/2025 17:34:35","09/18/2025 17:34:35","True"
,,,,,"09/18/2025 18:42:59","09/18/2025 18:42:59","True"
,,,,,"09/18/2025 20:19:27","09/18/2025 20:19:27","True"
,,,,,"09/18/2025 20:23:31","09/18/2025 21:45:57","False"
,,,,,"09/18/2025 20:48:56","09/18/2025 20:48:56","True"
,,,,,"09/18/2025 21:01:12","09/18/2025 21:24:07","False"
,,,,,"09/18/2025 21:24:07","09/18/2025 23:12:00","False"
,,,,,"09/18/2025 21:32:17","09/18/2025 21:32:17","False"
,,,,,"09/18/2025 21:41:33","09/18/2025 22:42:06","False"
,,,,,"09/18/2025 21:45:57","09/18/2025 22:00:36","False"
,,,,,"09/18/2025 21:55:01","09/18/2025 21:55:01","True"
,,,,,"09/18/2025 22:00:36","09/18/2025 22:05:09","False"
,,,,,"09/18/2025 22:05:09","09/20/2025 10:35:19","False"
,,,,,"09/18/2025 22:42:06","09/18/2025 22:42:06","True"
,,,,,"09/18/2025 22:50:50","09/19/2025 00:50:28","False"
,,,,,"09/18/2025 23:12:00","09/19/2025 00:25:42","False"
,,,,,"09/19/2025 00:25:42","09/19/2025 16:03:41","False"
,,,,,"09/19/2025 00:50:28","09/19/2025 00:50:28","False"
,,,,,"09/19/2025 01:23:00","09/19/2025 04:27:24","False"
,,,,,"09/19/2025 02:36:55","09/19/2025 02:36:55","True"
,,,,,"09/19/2025 02:42:31","09/19/2025 21:08:36","False"
,,,,,"09/19/2025 03:28:29","09/19/2025 03:28:29","True"
,,,,,"09/19/2025 03:40:16","09/19/2025 03:40:16","False"
,,,,,"09/19/2025 04:27:24","09/19/2025 07:39:05","False"
,,,,,"09/19/2025 06:41:59","09/20/2025 06:29:35","False"
,,,,,"09/19/2025 07:39:05","09/19/2025 08:07:18","False"
,,,,,"09/19/2025 07:45:12","09/19/2025 07:45:12","True"
,,,,,"09/19/2025 08:00:25","09/19/2025 08:00:25","True"
,,,,,"09/19/2025 08:07:18","09/23/2025 06:50:35","False"
,,,,,"09/19/2025 08:31:21","09/19/2025 08:31:21","True"
,,,,,"09/19/2025 09:01:49","09/19/2025 09:01:49","True"
,,,,,"09/19/2025 09:07:32","09/19/2025 09:19:58","False"
,,,,,"09/19/2025 09:19:58","09/19/2025 09:33:46","False"
,,,,,"09/19/2025 09:33:46","09/19/2025 09:40:01","False"
,,,,,"09/19/2025 09:40:01","09/19/2025 11:31:51","False"
,,,,,"09/19/2025 09:51:42","09/19/2025 09:51:42","True"
,,,,,"09/19/2025 10:37:42","09/19/2025 10:37:42","False"
,,,,,"09/19/2025 11:31:50","09/19/2025 11:38:30","False"
,,,,,"09/19/2025 11:35:34","09/19/2025 11:51:13","False"
,,,,,"09/19/2025 11:38:30","09/19/2025 12:13:23","False"
,,,,,"09/19/2025 11:51:13","09/19/2025 13:21:42","False"
,,,,,"09/19/2025 12:13:23","09/19/2025 13:27:13","False"
,,,,,"09/19/2025 12:42:08","09/19/2025 13:48:15","False"
,,,,,"09/19/2025 13:21:42","09/26/2025 09:53:32","False"
,,,,,"09/19/2025 13:27:13","09/19/2025 13:27:13","False"
,,,,,"09/19/2025 13:48:15","09/19/2025 13:48:15","True"
,,,,,"09/19/2025 14:04:07","09/29/2025 11:56:36","False"
,,,,,"09/19/2025 14:23:37","09/19/2025 14:23:37","True"
,,,,,"09/19/2025 15:45:51","09/20/2025 04:37:07","False"
,,,,,"09/19/2025 15:56:39","09/19/2025 16:50:55","False"
,,,,,"09/19/2025 16:03:41","09/19/2025 21:00:37","False"
,,,,,"09/19/2025 16:18:36","09/19/2025 16:18:36","False"
,,,,,"09/19/2025 16:35:03","09/19/2025 16:35:03","True"
,,,,,"09/19/2025 16:50:55","09/19/2025 20:06:35","False"
,,,,,"09/19/2025 16:55:43","09/19/2025 16:55:43","True"
,,,,,"09/19/2025 18:01:49","09/19/2025 18:01:49","True"
,,,,,"09/19/2025 18:53:25","09/19/2025 18:53:25","True"
,,,,,"09/19/2025 19:12:16","09/19/2025 19:12:16","True"
,,,,,"09/19/2025 20:06:35","09/19/2025 20:06:35","True"
,,,,,"09/19/2025 20:14:16","09/19/2025 20:14:16","False"
,,,,,"09/19/2025 21:00:37","09/22/2025 16:13:17","False"
,,,,,"09/19/2025 21:08:36","09/19/2025 21:08:36","True"
,,,,,"09/20/2025 00:50:33","09/20/2025 00:50:33","True"
,,,,,"09/20/2025 02:41:17","09/20/2025 03:20:23","False"
,,,,,"09/20/2025 02:52:57","09/20/2025 03:21:10","False"
,,,,,"09/20/2025 03:14:43","09/20/2025 03:14:43","True"
,,,,,"09/20/2025 03:20:23","09/20/2025 03:40:04","False"
,,,,,"09/20/2025 03:21:10","09/20/2025 15:35:31","False"
,,,,,"09/20/2025 03:40:04","09/20/2025 03:40:04","True"
,,,,,"09/20/2025 03:43:17","09/20/2025 03:43:17","True"
,,,,,"09/20/2025 04:37:07","09/27/2025 13:06:49","False"
,,,,,"09/20/2025 05:41:08","09/20/2025 05:41:08","True"
,,,,,"09/20/2025 06:29:35","09/28/2025 14:25:16","False"
,,,,,"09/20/2025 09:03:36","09/20/2025 16:12:47","False"
,,,,,"09/20/2025 10:10:47","09/20/2025 10:10:47","True"
,,,,,"09/20/2025 10:35:19","09/20/2025 10:35:19","True"
,,,,,"09/20/2025 10:45:00","09/30/2025 13:25:32","False"
,,,,,"09/20/2025 11:20:51","09/20/2025 11:20:51","True"
,,,,,"09/20/2025 13:08:19","09/20/2025 13:10:26","False"
,,,,,"09/20/2025 13:10:26","09/21/2025 07:40:13","False"
,,,,,"09/20/2025 13:17:42","09/27/2025 01:18:14","False"
,,,,,"09/20/2025 14:17:36","09/21/2025 08:44:02","False"
,,,,,"09/20/2025 14:41:53","09/20/2025 14:41:53","True"
,,,,,"09/20/2025 15:11:34","09/20/2025 15:11:34","True"
,,,,,"09/20/2025 15:35:31","09/20/2025 15:35:31","True"
,,,,,"09/20/2025 15:36:42","09/20/2025 16:15:36","False"
,,,,,"09/20/2025 16:12:47","09/21/2025 10:31:49","False"
,,,,,"09/20/2025 16:12:55","09/20/2025 16:12:55","True"
,,,,,"09/20/2025 16:15:36","09/21/2025 10:34:38","False"
,,,,,"09/20/2025 17:55:31","09/20/2025 19:44:08","False"
,,,,,"09/20/2025 19:14:29","09/20/2025 19:14:29","True"
,,,,,"09/20/2025 19:40:51","09/20/2025 20:30:22","False"
,,,,,"09/20/2025 19:44:08","09/20/2025 21:15:29","False"
,,,,,"09/20/2025 20:30:22","09/20/2025 21:15:59","False"
,,,,,"09/20/2025 21:15:29","09/20/2025 21:30:51","False"
,,,,,"09/20/2025 21:15:59","09/20/2025 21:32:48","False"
,,,,,"09/20/2025 21:30:51","09/20/2025 22:17:46","False"
,,,,,"09/20/2025 21:32:48","09/20/2025 22:47:38","False"
,,,,,"09/20/2025 22:17:46","09/20/2025 22:27:49","False"
,,,,,"09/20/2025 22:27:49","09/20/2025 22:39:33","False"
,,,,,"09/20/2025 22:39:33","09/20/2025 22:45:23","False"
,,,,,"09/20/2025 22:45:23","09/20/2025 23:05:10","False"
,,,,,"09/20/2025 22:47:38","09/20/2025 23:26:41","False"
,,,,,"09/20/2025 23:05:10","09/20/2025 23:15:02","False"
,,,,,"09/20/2025 23:15:02","09/20/2025 23:23:20","False"
,,,,,"09/20/2025 23:23:20","09/20/2025 23:23:20","True"
,,,,,"09/20/2025 23:26:13","09/20/2025 23:26:13","True"
,,,,,"09/20/2025 23:26:41","09/20/2025 23:26:41","True"
,,,,,"09/21/2025 03:33:47","09/21/2025 03:33:47","True"
,,,,,"09/21/2025 04:33:38","09/21/2025 04:33:38","True"
,,,,,"09/21/2025 06:20:54","09/21/2025 06:20:54","True"
,,,,,"09/21/2025 07:40:13","09/21/2025 07:40:13","True"
,,,,,"09/21/2025 08:44:02","09/21/2025 08:44:02","False"
,,,,,"09/21/2025 08:53:08","09/21/2025 08:53:08","True"
,,,,,"09/21/2025 10:31:49","09/21/2025 10:31:49","False"
,,,,,"09/21/2025 10:34:38","09/29/2025 21:11:04","False"
,,,,,"09/21/2025 11:44:55","09/21/2025 11:44:55","True"
,,,,,"09/21/2025 13:14:02","09/22/2025 00:19:27","False"
,,,,,"09/21/2025 13:59:09","09/22/2025 08:33:07","False"
,,,,,"09/21/2025 13:59:10","09/21/2025 14:14:53","False"
,,,,,"09/21/2025 14:08:58","09/22/2025 00:26:57","False"
,,,,,"09/21/2025 14:14:53","09/21/2025 14:49:14","False"
,,,,,"09/21/2025 14:24:47","09/21/2025 14:24:47","True"
,,,,,"09/21/2025 14:49:14","09/21/2025 15:36:57","False"
,,,,,"09/21/2025 15:36:57","09/21/2025 15:36:57","True"
,,,,,"09/21/2025 23:11:11","09/24/2025 08:48:44","False"
,,,,,"09/22/2025 00:19:27","09/29/2025 12:44:11","False"
,,,,,"09/22/2025 00:26:57","09/29/2025 12:42:14","False"
,,,,,"09/22/2025 06:16:36","09/22/2025 06:16:36","True"
,,,,,"09/22/2025 08:33:07","09/22/2025 11:43:15","False"
,,,,,"09/22/2025 09:09:05","09/22/2025 09:09:05","True"
,,,,,"09/22/2025 11:06:11","09/22/2025 11:06:11","True"
,,,,,"09/22/2025 11:43:15","09/22/2025 11:43:15","True"
,,,,,"09/22/2025 11:58:38","09/22/2025 11:58:38","False"
,,,,,"09/22/2025 11:59:44","09/22/2025 11:59:44","False"
,,,,,"09/22/2025 12:15:43","09/23/2025 12:45:22","False"
,,,,,"09/22/2025 12:40:01","09/22/2025 12:40:01","False"
,,,,,"09/22/2025 16:13:17","09/22/2025 17:04:35","False"
,,,,,"09/22/2025 16:27:58","09/22/2025 16:27:58","True"
,,,,,"09/22/2025 17:04:35","09/22/2025 17:04:35","True"
,,,,,"09/22/2025 17:51:28","09/22/2025 17:51:28","True"
,,,,,"09/22/2025 18:02:54","09/22/2025 18:02:54","True"
,,,,,"09/22/2025 18:43:05","09/22/2025 18:43:05","True"
,,,,,"09/22/2025 19:25:51","09/22/2025 19:25:51","True"
,,,,,"09/22/2025 20:19:27","09/22/2025 20:19:27","True"
,,,,,"09/22/2025 21:07:57","09/22/2025 21:07:57","True"
,,,,,"09/23/2025 00:32:16","09/23/2025 00:32:16","True"
,,,,,"09/23/2025 06:50:35","09/23/2025 06:50:35","True"
,,,,,"09/23/2025 08:26:54","09/23/2025 09:08:15","False"
,,,,,"09/23/2025 08:27:01","09/23/2025 09:08:13","False"
,,,,,"09/23/2025 08:27:08","09/23/2025 09:08:14","False"
,,,,,"09/23/2025 08:31:39","09/23/2025 08:31:39","True"
,,,,,"09/23/2025 08:59:51","09/23/2025 08:59:51","True"
,,,,,"09/23/2025 09:04:05","09/23/2025 09:04:05","True"
,,,,,"09/23/2025 09:07:31","09/23/2025 09:07:31","True"
,,,,,"09/23/2025 09:08:13","09/23/2025 09:47:07","False"
,,,,,"09/23/2025 09:08:14","09/23/2025 09:47:04","False"
,,,,,"09/23/2025 09:08:15","09/23/2025 09:47:11","False"
,,,,,"09/23/2025 09:17:58","09/24/2025 12:22:55","False"
,,,,,"09/23/2025 09:47:04","09/23/2025 09:47:04","True"
,,,,,"09/23/2025 09:47:07","09/23/2025 09:47:07","True"
,,,,,"09/23/2025 09:47:11","09/23/2025 09:47:11","True"
,,,,,"09/23/2025 09:55:22","09/23/2025 09:55:22","True"
,,,,,"09/23/2025 12:39:56","09/23/2025 12:39:56","True"
,,,,,"09/23/2025 12:45:22","09/25/2025 21:59:51","False"
,,,,,"09/23/2025 13:25:48","09/23/2025 13:25:48","True"
,,,,,"09/23/2025 14:34:56","09/23/2025 14:34:56","True"
,,,,,"09/23/2025 15:04:02","09/23/2025 15:07:22","False"
,,,,,"09/23/2025 15:07:22","09/23/2025 15:07:22","False"
,,,,,"09/23/2025 23:52:16","09/23/2025 23:52:16","False"
,,,,,"09/24/2025 00:24:51","09/24/2025 00:24:51","False"
,,,,,"09/24/2025 05:52:38","09/24/2025 07:04:32","False"
,,,,,"09/24/2025 06:35:32","09/24/2025 06:35:32","True"
,,,,,"09/24/2025 07:04:32","09/26/2025 10:12:11","False"
,,,,,"09/24/2025 08:32:44","09/24/2025 12:57:07","False"
,,,,,"09/24/2025 08:48:44","09/24/2025 08:48:44","True"
,,,,,"09/24/2025 11:06:13","09/24/2025 12:09:39","False"
,,,,,"09/24/2025 12:09:39","09/24/2025 12:09:39","False"
,,,,,"09/24/2025 12:17:46","09/24/2025 12:17:46","True"
,,,,,"09/24/2025 12:22:55","09/24/2025 12:22:55","True"
,,,,,"09/24/2025 12:57:07","09/25/2025 16:53:34","False"
,,,,,"09/24/2025 13:05:56","09/24/2025 13:05:56","True"
,,,,,"09/24/2025 13:33:59","09/24/2025 13:33:59","True"
,,,,,"09/24/2025 14:46:53","09/24/2025 14:46:53","False"
,,,,,"09/24/2025 14:54:45","09/24/2025 14:54:45","True"
,,,,,"09/24/2025 15:11:32","09/24/2025 16:14:42","False"
,,,,,"09/24/2025 15:27:34","09/24/2025 15:27:34","True"
,,,,,"09/24/2025 16:14:42","09/24/2025 16:24:17","False"
,,,,,"09/24/2025 16:24:17","09/24/2025 16:24:17","True"
,,,,,"09/24/2025 16:34:00","09/24/2025 16:34:00","True"
,,,,,"09/24/2025 21:21:37","09/24/2025 21:21:37","True"
,,,,,"09/24/2025 21:24:00","09/24/2025 21:24:00","False"
,,,,,"09/24/2025 21:49:38","09/28/2025 16:21:23","False"
,,,,,"09/25/2025 03:53:22","09/25/2025 03:53:22","True"
,,,,,"09/25/2025 05:38:56","09/25/2025 05:38:56","False"
,,,,,"09/25/2025 06:06:17","09/25/2025 06:06:17","False"
,,,,,"09/25/2025 06:09:38","09/25/2025 06:09:38","True"
,,,,,"09/25/2025 09:51:48","09/25/2025 09:51:48","True"
,,,,,"09/25/2025 11:37:36","09/28/2025 19:00:48","False"
,,,,,"09/25/2025 12:04:21","09/25/2025 12:04:21","True"
,,,,,"09/25/2025 12:29:09","09/29/2025 07:47:32","False"
,,,,,"09/25/2025 13:06:07","09/25/2025 13:06:07","True"
,,,,,"09/25/2025 15:32:50","09/25/2025 15:32:50","True"
,,,,,"09/25/2025 16:53:34","09/26/2025 14:05:58","False"
,,,,,"09/25/2025 20:50:24","09/25/2025 21:36:08","False"
,,,,,"09/25/2025 21:36:08","09/25/2025 21:36:08","True"
,,,,,"09/25/2025 21:59:51","09/25/2025 21:59:51","True"
,,,,,"09/26/2025 00:34:47","09/26/2025 16:00:37","False"
,,,,,"09/26/2025 02:51:31","09/26/2025 02:51:31","True"
,,,,,"09/26/2025 03:25:25","09/26/2025 03:25:25","True"
,,,,,"09/26/2025 03:37:09","09/27/2025 17:09:06","False"
,,,,,"09/26/2025 03:44:16","09/26/2025 03:44:16","True"
,,,,,"09/26/2025 04:11:38","09/26/2025 04:11:38","True"
,,,,,"09/26/2025 06:51:26","09/26/2025 06:51:26","True"
,,,,,"09/26/2025 09:53:32","09/26/2025 09:53:32","False"
,,,,,"09/26/2025 10:12:11","09/26/2025 10:12:11","False"
,,,,,"09/26/2025 10:44:10","09/26/2025 10:44:10","True"
,,,,,"09/26/2025 11:05:30","09/26/2025 11:05:30","False"
,,,,,"09/26/2025 11:24:18","09/28/2025 11:22:51","False"
,,,,,"09/26/2025 13:09:45","09/26/2025 13:09:45","True"
,,,,,"09/26/2025 14:05:58","09/29/2025 14:19:58","False"
,,,,,"09/26/2025 15:06:49","09/30/2025 14:42:48","False"
,,,,,"09/26/2025 16:00:37","09/27/2025 21:00:38","False"
,,,,,"09/26/2025 16:34:39","09/29/2025 23:55:39","False"
,,,,,"09/26/2025 16:35:30","09/26/2025 16:35:30","False"
,,,,,"09/26/2025 17:26:33","09/26/2025 19:37:40","False"
,,,,,"09/26/2025 18:36:42","09/26/2025 19:31:50","False"
,,,,,"09/26/2025 18:50:29","09/26/2025 18:50:29","True"
,,,,,"09/26/2025 19:13:30","09/28/2025 10:35:40","False"
,,,,,"09/26/2025 19:21:00","09/26/2025 19:21:00","True"
,,,,,"09/26/2025 19:31:50","09/26/2025 19:31:50","True"
,,,,,"09/26/2025 19:37:40","09/29/2025 15:22:52","False"
,,,,,"09/26/2025 21:22:07","09/26/2025 21:22:07","True"
,,,,,"09/26/2025 22:02:08","09/26/2025 22:02:08","True"
,,,,,"09/26/2025 22:23:43","09/26/2025 22:23:43","True"
,,,,,"09/27/2025 01:18:14","09/27/2025 01:18:14","False"
,,,,,"09/27/2025 01:40:48","09/27/2025 01:54:33","False"
,,,,,"09/27/2025 01:54:33","09/27/2025 01:54:33","True"
,,,,,"09/27/2025 08:52:54","09/27/2025 08:52:54","True"
,,,,,"09/27/2025 10:30:26","09/27/2025 10:30:26","True"
,,,,,"09/27/2025 13:06:49","09/27/2025 19:37:16","False"
,,,,,"09/27/2025 17:09:06","09/28/2025 17:14:16","False"
,,,,,"09/27/2025 19:37:16","09/27/2025 19:37:16","False"
,,,,,"09/27/2025 21:00:38","09/27/2025 22:01:57","False"
,,,,,"09/27/2025 22:01:57","09/28/2025 04:06:34","False"
,,,,,"09/28/2025 04:06:34","09/28/2025 06:10:08","False"
,,,,,"09/28/2025 06:08:26","09/28/2025 06:08:26","False"
,,,,,"09/28/2025 06:10:08","09/28/2025 06:39:40","False"
,,,,,"09/28/2025 06:39:40","09/28/2025 07:49:04","False"
,,,,,"09/28/2025 07:49:04","09/29/2025 20:10:17","False"
,,,,,"09/28/2025 10:35:40","09/28/2025 10:52:04","False"
,,,,,"09/28/2025 10:52:04","09/28/2025 14:22:22","False"
,,,,,"09/28/2025 11:22:51","09/29/2025 06:22:41","False"
,,,,,"09/28/2025 14:07:41","09/28/2025 14:07:41","True"
,,,,,"09/28/2025 14:22:22","09/28/2025 15:27:54","False"
,,,,,"09/28/2025 14:25:16","09/28/2025 14:25:16","False"
,,,,,"09/28/2025 15:27:54","09/28/2025 15:38:53","False"
,,,,,"09/28/2025 15:38:53","09/28/2025 15:38:53","True"
,,,,,"09/28/2025 16:21:23","09/28/2025 16:21:23","False"
,,,,,"09/28/2025 17:14:16","09/28/2025 23:04:51","False"
,,,,,"09/28/2025 19:00:48","09/28/2025 19:00:48","False"
,,,,,"09/28/2025 19:13:44","09/28/2025 19:13:44","True"
,,,,,"09/28/2025 21:11:08","09/28/2025 21:11:08","True"
,,,,,"09/28/2025 21:44:03","09/28/2025 21:44:03","True"
,,,,,"09/28/2025 22:21:25","09/28/2025 22:25:06","False"
,,,,,"09/28/2025 22:21:47","09/28/2025 22:21:47","False"
,,,,,"09/28/2025 22:25:06","09/28/2025 22:25:06","True"
,,,,,"09/28/2025 22:41:39","09/28/2025 22:41:39","True"
,,,,,"09/28/2025 23:04:51","09/29/2025 01:21:09","False"
,,,,,"09/29/2025 01:21:09","09/29/2025 02:41:50","False"
,,,,,"09/29/2025 02:21:18","09/29/2025 02:21:18","False"
,,,,,"09/29/2025 02:41:50","09/29/2025 02:41:50","False"
,,,,,"09/29/2025 06:22:41","09/29/2025 06:32:47","False"
,,,,,"09/29/2025 06:32:47","09/29/2025 06:32:47","True"
,,,,,"09/29/2025 07:26:44","09/29/2025 07:26:44","True"
,,,,,"09/29/2025 07:47:32","09/29/2025 11:59:05","False"
,,,,,"09/29/2025 08:00:36","09/29/2025 08:00:36","True"
,,,,,"09/29/2025 08:52:53","09/29/2025 08:52:53","True"
,,,,,"09/29/2025 09:55:15","09/29/2025 09:55:15","True"
,,,,,"09/29/2025 10:26:07","09/29/2025 10:26:07","True"
,,,,,"09/29/2025 10:33:30","09/29/2025 10:33:30","True"
,,,,,"09/29/2025 10:45:21","09/29/2025 10:45:21","True"
,,,,,"09/29/2025 11:56:36","09/29/2025 11:56:36","True"
,,,,,"09/29/2025 11:59:05","09/29/2025 12:02:45","False"
,,,,,"09/29/2025 12:00:09","09/29/2025 12:48:21","False"
,,,,,"09/29/2025 12:02:45","09/29/2025 12:06:22","False"
,,,,,"09/29/2025 12:06:22","09/29/2025 12:13:56","False"
,,,,,"09/29/2025 12:06:58","09/29/2025 12:46:26","False"
,,,,,"09/29/2025 12:13:12","09/29/2025 12:13:12","True"
,,,,,"09/29/2025 12:13:56","09/29/2025 14:12:11","False"
,,,,,"09/29/2025 12:42:14","09/29/2025 12:42:14","False"
,,,,,"09/29/2025 12:44:11","09/29/2025 12:44:11","False"
,,,,,"09/29/2025 12:45:13","09/29/2025 12:45:13","True"
,,,,,"09/29/2025 12:46:26","09/29/2025 12:46:26","True"
,,,,,"09/29/2025 12:48:21","09/29/2025 12:48:21","True"
,,,,,"09/29/2025 12:49:39","09/29/2025 12:49:39","True"
,,,,,"09/29/2025 12:55:16","09/29/2025 12:55:16","True"
,,,,,"09/29/2025 13:55:24","09/29/2025 13:55:24","True"
,,,,,"09/29/2025 14:04:13","09/29/2025 14:04:13","True"
,,,,,"09/29/2025 14:12:11","09/29/2025 14:59:11","False"
,,,,,"09/29/2025 14:19:58","09/29/2025 14:56:48","False"
,,,,,"09/29/2025 14:56:48","09/29/2025 14:56:48","False"
,,,,,"09/29/2025 14:59:11","09/29/2025 15:04:42","False"
,,,,,"09/29/2025 15:04:42","09/29/2025 16:01:11","False"
,,,,,"09/29/2025 15:14:24","09/29/2025 15:14:24","True"
,,,,,"09/29/2025 15:17:47","09/29/2025 16:54:44","False"
,,,,,"09/29/2025 15:22:52","09/29/2025 15:48:22","False"
,,,,,"09/29/2025 15:48:22","09/29/2025 16:24:46","False"
,,,,,"09/29/2025 16:01:11","09/30/2025 05:25:53","False"
,,,,,"09/29/2025 16:24:46","09/29/2025 16:24:46","False"
,,,,,"09/29/2025 16:54:44","09/30/2025 07:07:22","False"
,,,,,"09/29/2025 16:56:54","09/29/2025 16:56:54","True"
,,,,,"09/29/2025 18:45:52","09/30/2025 08:19:45","False"
,,,,,"09/29/2025 19:06:38","09/30/2025 08:58:54","False"
,,,,,"09/29/2025 20:10:17","09/29/2025 20:59:55","False"
,,,,,"09/29/2025 20:19:14","09/29/2025 20:19:14","False"
,,,,,"09/29/2025 20:59:55","09/29/2025 22:30:42","False"
,,,,,"09/29/2025 21:11:04","09/30/2025 05:31:42","False"
,,,,,"09/29/2025 21:24:56","09/29/2025 21:24:56","True"
,,,,,"09/29/2025 21:53:16","09/29/2025 21:53:16","True"
,,,,,"09/29/2025 22:16:43","09/30/2025 03:37:43","False"
,,,,,"09/29/2025 22:30:42","09/29/2025 22:30:42","False"
,,,,,"09/29/2025 23:29:33","09/29/2025 23:29:33","False"
,,,,,"09/29/2025 23:42:19","09/29/2025 23:42:19","True"
,,,,,"09/29/2025 23:55:39","09/29/2025 23:55:39","False"
,,,,,"09/30/2025 00:21:20","09/30/2025 00:21:20","True"
,,,,,"09/30/2025 01:41:03","09/30/2025 01:41:03","True"
,,,,,"09/30/2025 02:02:08","09/30/2025 02:02:08","True"
,,,,,"09/30/2025 02:03:00","09/30/2025 02:03:00","True"
,,,,,"09/30/2025 03:30:01","09/30/2025 03:30:01","True"
,,,,,"09/30/2025 03:37:43","09/30/2025 03:59:50","False"
,,,,,"09/30/2025 03:46:56","09/30/2025 03:46:56","False"
,,,,,"09/30/2025 03:59:50","09/30/2025 09:05:51","False"
,,,,,"09/30/2025 04:10:38","09/30/2025 04:10:38","True"
,,,,,"09/30/2025 04:22:17","09/30/2025 04:22:17","True"
,,,,,"09/30/2025 05:25:52","09/30/2025 05:25:52","True"
,,,,,"09/30/2025 05:31:42","09/30/2025 05:31:42","True"
,,,,,"09/30/2025 06:59:08","09/30/2025 06:59:08","True"
,,,,,"09/30/2025 07:07:22","09/30/2025 07:07:22","True"
,,,,,"09/30/2025 08:19:45","09/30/2025 15:40:05","False"
,,,,,"09/30/2025 08:58:54","09/30/2025 08:58:54","False"
,,,,,"09/30/2025 09:05:51","09/30/2025 09:05:51","False"
,,,,,"09/30/2025 10:35:36","09/30/2025 10:35:36","True"
,,,,,"09/30/2025 13:25:32","09/30/2025 13:28:46","False"
,,,,,"09/30/2025 13:28:46","09/30/2025 13:47:00","False"
,,,,,"09/30/2025 13:47:00","09/30/2025 13:47:00","True"
,,,,,"09/30/2025 14:21:03","09/30/2025 14:21:03","True"
,,,,,"09/30/2025 14:42:48","09/30/2025 14:42:48","False"
,,,,,"09/30/2025 15:08:39","09/30/2025 15:08:39","True"
,,,,,"09/30/2025 15:13:39","09/30/2025 15:13:39","True"
,,,,,"09/30/2025 15:40:05","09/30/2025 15:58:02","False"
,,,,,"09/30/2025 15:58:02","09/30/2025 15:58:02","True"
,,,,,"09/30/2025 16:26:24","09/30/2025 16:26:24","True"
,,,,,"09/30/2025 17:11:31","09/30/2025 17:11:31","True"
,,,,,"09/30/2025 18:09:02","09/30/2025 18:09:02","True"
,,,,,"09/30/2025 19:13:33","09/30/2025 19:13:33","False"
,,,,,"09/30/2025 19:36:36","09/30/2025 19:36:36","False"
,,,,,"09/30/2025 20:27:29","09/30/2025 20:27:29","False"
,,,,,"09/30/2025 21:44:47","09/30/2025 21:44:47","False"
,,,,,"09/30/2025 22:36:16","09/30/2025 22:36:16","False"
,,,,,"09/30/2025 22:56:18","09/30/2025 22:56:18","False"
,,,,,"10/01/2025 00:29:41","10/01/2025 00:29:41","False"
,,,,,"10/01/2025 00:50:57","10/01/2025 00:50:57","True"
,,,,,"10/01/2025 01:56:33","10/01/2025 01:56:33","False"
,,,,,"10/01/2025 04:46:30","10/01/2025 04:46:30","False"
,,,,,"10/01/2025 04:57:35","10/01/2025 04:57:35","True"
,,,,,"10/01/2025 10:28:55","10/01/2025 10:28:55","False"
,,,,,"10/01/2025 11:18:53","10/01/2025 11:18:53","False"
,,,,,"10/01/2025 11:22:24","10/01/2025 11:22:24","True"
,,,,,"10/01/2025 14:57:52","10/01/2025 14:57:52","False"
,,,,,"10/01/2025 15:08:06","10/01/2025 15:08:06","False"
,,,,,"10/01/2025 16:38:17","10/01/2025 16:38:17","True"
,,,,,"10/01/2025 20:03:22","10/01/2025 20:03:22","False"
,,,,,"10/01/2025 23:41:21","10/01/2025 23:41:21","False"
,,,,,"10/02/2025 03:21:13","10/02/2025 03:21:13","True"
,,,,,"10/02/2025 04:20:15","10/02/2025 04:20:15","True"
,,,,,"10/02/2025 04:59:37","10/02/2025 04:59:37","True"
,,,,,"10/02/2025 06:39:26","10/02/2025 06:39:26","False"
,,,,,"10/02/2025 06:39:58","10/02/2025 06:39:58","True"
,,,,,"10/02/2025 06:45:43","10/02/2025 06:45:43","False"
,,,,,"10/02/2025 06:57:33","10/02/2025 06:57:33","True"
,,,,,"10/02/2025 06:59:26","10/02/2025 06:59:26","True"
,,,,,"10/02/2025 07:01:41","10/02/2025 07:01:41","True"
,,,,,"10/02/2025 07:02:45","10/02/2025 07:02:45","False"
,,,,,"10/02/2025 07:15:10","10/02/2025 07:15:10","True"
,,,,,"10/02/2025 07:26:17","10/02/2025 07:26:17","True"
,,,,,"10/02/2025 07:26:38","10/02/2025 07:26:38","True"
,,,,,"10/02/2025 07:49:48","10/02/2025 07:49:48","False"
,,,,,"10/02/2025 08:01:25","10/02/2025 08:01:25","False"
,,,,,"10/02/2025 08:22:22","10/02/2025 08:22:22","False"
,,,,,"10/02/2025 08:35:12","10/02/2025 08:35:12","True"
,,,,,"10/02/2025 08:40:07","10/02/2025 08:40:07","False"
,,,,,"10/02/2025 08:42:43","10/02/2025 08:42:43","False"
,,,,,"10/02/2025 09:55:55","10/02/2025 09:55:55","False"
,,,,,"10/02/2025 10:35:09","10/02/2025 10:35:09","True"
,,,,,"10/02/2025 10:40:19","10/02/2025 10:40:19","True"
,,,,,"10/02/2025 10:57:33","10/02/2025 10:57:33","False"
,,,,,"10/02/2025 11:05:58","10/02/2025 11:05:58","False"
,,,,,"10/02/2025 11:10:13","10/02/2025 11:10:13","False"
,,,,,"10/02/2025 11:13:12","10/02/2025 11:13:12","False"
,,,,,"10/02/2025 11:20:07","10/02/2025 11:20:07","False"
,,,,,"10/02/2025 11:25:05","10/02/2025 11:25:05","False"
,,,,,"10/02/2025 11:46:03","10/02/2025 11:46:03","False"
,,,,,"10/02/2025 11:57:12","10/02/2025 11:57:12","False"
,,,,,"10/02/2025 12:01:55","10/02/2025 12:01:55","False"
,,,,,"10/02/2025 12:05:58","10/02/2025 12:05:58","False"
,,,,,"10/02/2025 12:10:41","10/02/2025 12:10:41","False"
,,,,,"10/02/2025 12:16:56","10/02/2025 12:16:56","True"
,,,,,"10/02/2025 12:50:51","10/02/2025 12:50:51","True"
,,,,,"10/02/2025 14:01:05","10/02/2025 14:01:05","True"
,,,,,"10/02/2025 14:15:26","10/02/2025 14:15:26","True"
,,,,,"10/02/2025 15:15:23","10/02/2025 15:15:23","False"
,,,,,"10/02/2025 15:16:31","10/02/2025 15:16:31","True"
,,,,,"10/02/2025 15:17:51","10/02/2025 15:17:51","False"
,,,,,"10/02/2025 15:24:18","10/02/2025 15:24:18","True"
,,,,,"10/02/2025 15:38:37","10/02/2025 15:38:37","True"
,,,,,"10/02/2025 18:00:50","10/02/2025 18:00:50","True"
,,,,,"10/02/2025 18:08:05","10/02/2025 18:08:05","True"
,,,,,"10/02/2025 18:35:25","10/02/2025 18:35:25","True"
,,,,,"10/02/2025 18:40:49","10/02/2025 18:40:49","True"
,,,,,"10/02/2025 18:40:51","10/02/2025 18:40:51","True"
,,,,,"10/02/2025 18:41:13","10/02/2025 18:41:13","True"
,,,,,"10/02/2025 19:36:56","10/02/2025 19:36:56","False"
,,,,,"10/02/2025 19:57:51","10/02/2025 19:57:51","True"
,,,,,"10/02/2025 20:07:04","10/02/2025 20:07:04","False"
,,,,,"10/02/2025 20:37:28","10/02/2025 20:37:28","True"
,,,,,"10/02/2025 21:09:21","10/02/2025 21:09:21","False"
,,,,,"10/02/2025 21:47:24","10/02/2025 21:47:24","True"
,,,,,"10/02/2025 22:53:52","10/02/2025 22:53:52","True"
,,,,,"10/02/2025 23:25:46","10/02/2025 23:25:46","True"
,,,,,"10/02/2025 23:33:18","10/02/2025 23:33:18","True"
,,,,,"10/03/2025 00:18:16","10/03/2025 00:18:16","True"
,,,,,"10/03/2025 00:54:01","10/03/2025 00:54:01","True"
,,,,,"10/03/2025 01:55:09","10/03/2025 01:55:09","True"
,,,,,"10/03/2025 03:01:55","10/03/2025 03:01:55","True"
,,,,,"10/03/2025 06:11:06","10/03/2025 06:11:06","True"
,,,,,"10/03/2025 06:12:16","10/03/2025 06:12:16","False"
,,,,,"10/03/2025 07:10:16","10/03/2025 07:10:16","False"
,,,,,"10/03/2025 07:12:00","10/03/2025 07:12:00","True"
,,,,,"10/03/2025 08:18:08","10/03/2025 08:18:08","True"
,,,,,"10/03/2025 08:55:51","10/03/2025 08:55:51","False"
,,,,,"10/03/2025 09:01:40","10/03/2025 09:01:40","True"
,,,,,"10/03/2025 09:02:26","10/03/2025 09:02:26","True"
,,,,,"10/03/2025 09:27:03","10/03/2025 09:27:03","False"
,,,,,"10/03/2025 09:34:13","10/03/2025 09:34:13","False"
,,,,,"10/03/2025 09:43:19","10/03/2025 09:43:19","False"
,,,,,"10/03/2025 09:53:14","10/03/2025 09:53:14","True"
,,,,,"10/03/2025 12:13:44","10/03/2025 12:13:44","True"
,,,,,"10/03/2025 12:44:39","10/03/2025 12:44:39","True"
,,,,,"10/03/2025 13:26:30","10/03/2025 13:26:30","True"
,,,,,"10/03/2025 13:28:40","10/03/2025 13:28:40","True"
,,,,,"10/03/2025 13:28:42","10/03/2025 13:28:42","True"
,,,,,"10/03/2025 13:28:45","10/03/2025 13:28:45","True"
,,,,,"10/03/2025 14:09:27","10/03/2025 14:09:27","False"
,,,,,"10/03/2025 15:38:17","10/03/2025 15:38:17","True"
,,,,,"10/03/2025 16:47:33","10/03/2025 16:47:33","False"
,,,,,"10/03/2025 21:41:25","10/03/2025 21:41:25","False"
,,,,,"10/03/2025 21:53:12","10/03/2025 21:53:12","True"
,,,,,"10/03/2025 22:45:20","10/03/2025 22:45:20","False"
,,,,,"10/04/2025 01:51:32","10/04/2025 01:51:32","True"
,,,,,"10/04/2025 02:01:26","10/04/2025 02:01:26","True"
,,,,,"10/04/2025 02:06:51","10/04/2025 02:06:51","True"
,,,,,"10/04/2025 02:20:25","10/04/2025 02:20:25","True"
,,,,,"10/04/2025 02:42:49","10/04/2025 02:42:49","False"
,,,,,"10/04/2025 02:52:44","10/04/2025 02:52:44","False"
,,,,,"10/04/2025 03:00:46","10/04/2025 03:00:46","True"
,,,,,"10/04/2025 03:03:54","10/04/2025 03:03:54","False"
,,,,,"10/04/2025 04:00:20","10/04/2025 04:00:20","True"
,,,,,"10/04/2025 07:59:04","10/04/2025 07:59:04","False"
,,,,,"10/04/2025 08:08:11","10/04/2025 08:08:11","True"
,,,,,"10/04/2025 09:11:24","10/04/2025 09:11:24","False"
,,,,,"10/04/2025 09:47:42","10/04/2025 09:47:42","False"
,,,,,"10/04/2025 09:53:16","10/04/2025 09:53:16","False"
,,,,,"10/04/2025 09:57:22","10/04/2025 09:57:22","False"
,,,,,"10/04/2025 10:20:09","10/04/2025 10:20:09","False"
,,,,,"10/04/2025 10:59:31","10/04/2025 10:59:31","False"
,,,,,"10/04/2025 11:13:50","10/04/2025 11:13:50","False"
,,,,,"10/04/2025 11:26:03","10/04/2025 11:26:03","False"
,,,,,"10/04/2025 11:57:57","10/04/2025 11:57:57","False"
,,,,,"10/04/2025 12:00:20","10/04/2025 12:00:20","False"
,,,,,"10/04/2025 14:02:41","10/04/2025 14:02:41","True"
,,,,,"10/04/2025 14:20:12","10/04/2025 14:20:12","True"
,,,,,"10/04/2025 14:21:46","10/04/2025 14:21:46","True"
,,,,,"10/04/2025 14:32:03","10/04/2025 14:32:03","True"
,,,,,"10/04/2025 14:37:28","10/04/2025 14:37:28","True"
,,,,,"10/04/2025 14:37:40","10/04/2025 14:37:40","True"
,,,,,"10/04/2025 14:39:36","10/04/2025 14:39:36","True"
,,,,,"10/04/2025 14:59:47","10/04/2025 14:59:47","True"
,,,,,"10/04/2025 16:31:58","10/04/2025 16:31:58","True"
,,,,,"10/04/2025 19:39:26","10/04/2025 19:39:26","False"
,,,,,"10/04/2025 19:58:20","10/04/2025 19:58:20","False"
,,,,,"10/04/2025 22:55:59","10/04/2025 22:55:59","True"
,,,,,"10/05/2025 00:50:43","10/05/2025 00:50:43","True"
,,,,,"10/05/2025 01:52:30","10/05/2025 01:52:30","True"
,,,,,"10/05/2025 02:29:05","10/05/2025 02:29:05","False"
,,,,,"10/05/2025 02:30:04","10/05/2025 02:30:04","True"
,,,,,"10/05/2025 05:29:36","10/05/2025 05:29:36","False"
,,,,,"10/05/2025 05:30:22","10/05/2025 05:30:22","True"
,,,,,"10/05/2025 06:36:24","10/05/2025 06:36:24","True"
,,,,,"10/05/2025 06:53:01","10/05/2025 06:53:01","True"
,,,,,"10/05/2025 09:13:16","10/05/2025 09:13:16","True"
,,,,,"10/05/2025 10:01:39","10/05/2025 10:01:39","False"
,,,,,"10/05/2025 11:15:43","10/05/2025 11:15:43","False"
,,,,,"10/05/2025 11:56:37","10/05/2025 11:56:37","False"
,,,,,"10/05/2025 12:01:26","10/05/2025 12:01:26","False"
,,,,,"10/05/2025 12:56:11","10/05/2025 12:56:11","True"
,,,,,"10/05/2025 14:58:08","10/05/2025 14:58:08","True"
,,,,,"10/05/2025 15:14:35","10/05/2025 15:14:35","False"
,,,,,"10/05/2025 17:35:13","10/05/2025 17:35:13","False"
,,,,,"10/05/2025 18:30:49","10/05/2025 18:30:49","False"
,,,,,"10/05/2025 19:18:32","10/05/2025 19:18:32","False"
,,,,,"10/05/2025 20:27:09","10/05/2025 20:27:09","False"
,,,,,"10/05/2025 22:03:29","10/05/2025 22:03:29","False"
,,,,,"10/05/2025 22:22:49","10/05/2025 22:22:49","False"
,,,,,"10/05/2025 22:44:21","10/05/2025 22:44:21","False"
,,,,,"10/06/2025 00:15:07","10/06/2025 00:15:07","False"
,,,,,"10/06/2025 00:51:38","10/06/2025 00:51:38","False"
,,,,,"10/06/2025 01:00:54","10/06/2025 01:00:54","False"
,,,,,"10/06/2025 01:51:10","10/06/2025 01:51:10","True"
,,,,,"10/06/2025 05:27:23","10/06/2025 05:27:23","True"
,,,,,"10/06/2025 07:24:02","10/06/2025 07:24:02","True"
,,,,,"10/06/2025 07:34:28","10/06/2025 07:34:28","False"
,,,,,"10/06/2025 09:40:14","10/06/2025 09:40:14","True"
,,,,,"10/06/2025 10:13:37","10/06/2025 10:13:37","True"
,,,,,"10/06/2025 11:04:51","10/06/2025 11:04:51","True"
,,,,,"10/06/2025 11:12:18","10/06/2025 11:12:18","True"
,,,,,"10/06/2025 11:12:19","10/06/2025 11:12:19","True"
,,,,,"10/06/2025 14:52:36","10/06/2025 14:52:36","True"
,,,,,"10/06/2025 15:05:42","10/06/2025 15:05:42","True"
,,,,,"10/06/2025 15:28:34","10/06/2025 15:28:34","False"
,,,,,"10/06/2025 17:06:30","10/06/2025 17:06:30","True"
,,,,,"10/06/2025 18:04:36","10/06/2025 18:04:36","False"
,,,,,"10/06/2025 18:05:45","10/06/2025 18:05:45","False"
,,,,,"10/06/2025 18:16:50","10/06/2025 18:16:50","False"
,,,,,"10/06/2025 18:25:30","10/06/2025 18:25:30","False"
,,,,,"10/06/2025 18:26:56","10/06/2025 18:26:56","False"
,,,,,"10/06/2025 18:56:05","10/06/2025 18:56:05","False"
,,,,,"10/06/2025 18:58:11","10/06/2025 18:58:11","False"
,,,,,"10/06/2025 19:14:16","10/06/2025 19:14:16","False"
,,,,,"10/06/2025 19:14:32","10/06/2025 19:14:32","False"
,,,,,"10/06/2025 19:26:25","10/06/2025 19:26:25","False"
,,,,,"10/06/2025 19:37:02","10/06/2025 19:37:02","False"
,,,,,"10/06/2025 19:39:20","10/06/2025 19:39:20","False"
,,,,,"10/06/2025 19:53:32","10/06/2025 19:53:32","False"
,,,,,"10/06/2025 19:56:07","10/06/2025 19:56:07","False"
,,,,,"10/06/2025 20:11:23","10/06/2025 20:11:23","False"
,,,,,"10/06/2025 20:12:53","10/06/2025 20:12:53","False"
,,,,,"10/06/2025 20:26:10","10/06/2025 20:26:10","False"
,,,,,"10/06/2025 20:29:42","10/06/2025 20:29:42","False"
,,,,,"10/06/2025 20:30:34","10/06/2025 20:30:34","False"
,,,,,"10/06/2025 21:00:58","10/06/2025 21:00:58","False"
,,,,,"10/06/2025 21:01:30","10/06/2025 21:01:30","False"
,,,,,"10/06/2025 21:28:38","10/06/2025 21:28:38","False"
,,,,,"10/06/2025 22:06:15","10/06/2025 22:06:15","True"
,,,,,"10/06/2025 22:18:03","10/06/2025 22:18:03","False"
,,,,,"10/06/2025 22:20:34","10/06/2025 22:20:34","False"
,,,,,"10/06/2025 22:32:12","10/06/2025 22:32:12","False"
,,,,,"10/06/2025 22:32:23","10/06/2025 22:32:23","False"
,,,,,"10/06/2025 22:48:45","10/06/2025 22:48:45","False"
,,,,,"10/06/2025 22:50:34","10/06/2025 22:50:34","False"
,,,,,"10/06/2025 22:58:44","10/06/2025 22:58:44","False"
,,,,,"10/06/2025 23:03:08","10/06/2025 23:03:08","False"
,,,,,"10/06/2025 23:10:09","10/06/2025 23:10:09","True"
,,,,,"10/06/2025 23:14:33","10/06/2025 23:14:33","False"
,,,,,"10/06/2025 23:16:00","10/06/2025 23:16:00","False"
,,,,,"10/06/2025 23:48:15","10/06/2025 23:48:15","False"
,,,,,"10/07/2025 00:20:36","10/07/2025 00:20:36","False"
,,,,,"10/07/2025 00:21:51","10/07/2025 00:21:51","False"
,,,,,"10/07/2025 00:22:49","10/07/2025 00:22:49","False"
,,,,,"10/07/2025 00:37:09","10/07/2025 00:37:09","False"
,,,,,"10/07/2025 00:40:55","10/07/2025 00:40:55","False"
,,,,,"10/07/2025 01:00:35","10/07/2025 01:00:35","True"
,,,,,"10/07/2025 01:33:38","10/07/2025 01:33:38","False"
,,,,,"10/07/2025 01:41:22","10/07/2025 01:41:22","True"
,,,,,"10/07/2025 02:03:49","10/07/2025 02:03:49","True"
,,,,,"10/07/2025 03:31:56","10/07/2025 03:31:56","True"
,,,,,"10/07/2025 03:54:36","10/07/2025 03:54:36","True"
,,,,,"10/07/2025 04:36:42","10/07/2025 04:36:42","True"
,,,,,"10/07/2025 05:23:36","10/07/2025 05:23:36","True"
,,,,,"10/07/2025 07:58:50","10/07/2025 07:58:50","True"
,,,,,"10/07/2025 08:10:55","10/07/2025 08:10:55","True"
,,,,,"10/07/2025 08:43:06","10/07/2025 08:43:06","True"
,,,,,"10/07/2025 08:54:49","10/07/2025 08:54:49","True"
,,,,,"10/07/2025 10:10:48","10/07/2025 10:10:48","True"
,,,,,"10/07/2025 11:08:53","10/07/2025 11:08:53","True"
,,,,,"10/07/2025 11:18:15","10/07/2025 11:18:15","False"
,,,,,"10/07/2025 12:06:15","10/07/2025 12:06:15","True"
,,,,,"10/07/2025 12:06:34","10/07/2025 12:06:34","True"
,,,,,"10/07/2025 12:20:23","10/07/2025 12:20:23","True"
,,,,,"10/07/2025 12:35:27","10/07/2025 12:35:27","False"
,,,,,"10/07/2025 12:53:53","10/07/2025 12:53:53","True"
,,,,,"10/07/2025 13:15:06","10/07/2025 13:15:06","True"
,,,,,"10/07/2025 15:23:03","10/07/2025 15:23:03","False"
,,,,,"10/07/2025 15:31:03","10/07/2025 15:31:03","False"
,,,,,"10/07/2025 15:39:52","10/07/2025 15:39:52","False"
,,,,,"10/07/2025 15:45:48","10/07/2025 15:45:48","False"
,,,,,"10/07/2025 15:57:22","10/07/2025 15:57:22","True"
,,,,,"10/07/2025 15:57:33","10/07/2025 15:57:33","False"
,,,,,"10/07/2025 17:47:25","10/07/2025 17:47:25","False"
,,,,,"10/07/2025 18:37:20","10/07/2025 18:37:20","True"
,,,,,"10/07/2025 18:43:17","10/07/2025 18:43:17","True"
,,,,,"10/07/2025 20:11:57","10/07/2025 20:11:57","True"
,,,,,"10/07/2025 20:40:52","10/07/2025 20:40:52","True"
,,,,,"10/07/2025 21:15:31","10/07/2025 21:15:31","True"
,,,,,"10/07/2025 21:20:15","10/07/2025 21:20:15","True"
,,,,,"10/07/2025 23:03:40","10/07/2025 23:03:40","True"
,,,,,"10/07/2025 23:20:55","10/07/2025 23:20:55","True"
,,,,,"10/08/2025 00:23:04","10/08/2025 00:23:04","True"
,,,,,"10/08/2025 02:19:10","10/08/2025 02:19:10","True"
,,,,,"10/08/2025 02:32:40","10/08/2025 02:32:40","True"
,,,,,"10/08/2025 03:10:46","10/08/2025 03:10:46","True"
,,,,,"10/08/2025 03:10:47","10/08/2025 03:10:47","True"
,,,,,"10/08/2025 03:10:49","10/08/2025 03:10:49","True"
,,,,,"10/08/2025 03:10:50","10/08/2025 03:10:50","True"
,,,,,"10/08/2025 03:50:51","10/08/2025 03:50:51","False"
,,,,,"10/08/2025 04:00:42","10/08/2025 04:00:42","False"
,,,,,"10/08/2025 04:10:49","10/08/2025 04:10:49","False"
,,,,,"10/08/2025 04:11:26","10/08/2025 04:11:26","False"
,,,,,"10/08/2025 04:16:43","10/08/2025 04:16:43","False"
,,,,,"10/08/2025 04:30:37","10/08/2025 04:30:37","False"
,,,,,"10/08/2025 04:30:38","10/08/2025 04:30:38","False"
,,,,,"10/08/2025 05:13:44","10/08/2025 05:13:44","True"
,,,,,"10/08/2025 05:29:39","10/08/2025 05:29:39","True"
,,,,,"10/08/2025 06:00:18","10/08/2025 06:00:18","False"
,,,,,"10/08/2025 06:18:22","10/08/2025 06:18:22","True"
,,,,,"10/08/2025 08:12:29","10/08/2025 08:12:29","False"
,,,,,"10/08/2025 10:47:05","10/08/2025 10:47:05","False"
,,,,,"10/08/2025 11:11:40","10/08/2025 11:11:40","False"
,,,,,"10/08/2025 11:14:06","10/08/2025 11:14:06","True"
,,,,,"10/08/2025 11:30:00","10/08/2025 11:30:00","False"
,,,,,"10/08/2025 12:12:06","10/08/2025 12:12:06","False"
,,,,,"10/08/2025 12:49:02","10/08/2025 12:49:02","True"
,,,,,"10/08/2025 14:44:05","10/08/2025 14:44:05","True"
,,,,,"10/08/2025 16:45:58","10/08/2025 16:45:58","False"
,,,,,"10/08/2025 16:56:24","10/08/2025 16:56:24","True"
,,,,,"10/08/2025 17:38:48","10/08/2025 17:38:48","False"
,,,,,"10/08/2025 18:25:56","10/08/2025 18:25:56","False"
,,,,,"10/08/2025 18:29:41","10/08/2025 18:29:41","False"
,,,,,"10/08/2025 18:37:24","10/08/2025 18:37:24","True"
,,,,,"10/08/2025 19:16:22","10/08/2025 19:16:22","True"
,,,,,"10/08/2025 23:12:35","10/08/2025 23:12:35","False"
,,,,,"10/09/2025 00:07:38","10/09/2025 00:07:38","False"
,,,,,"10/09/2025 01:27:54","10/09/2025 01:27:54","False"
,,,,,"10/09/2025 03:09:28","10/09/2025 03:09:28","False"
,,,,,"10/09/2025 04:27:49","10/09/2025 04:27:49","False"
,,,,,"10/09/2025 05:11:18","10/09/2025 05:11:18","True"
,,,,,"10/09/2025 07:17:52","10/09/2025 07:17:52","False"
,,,,,"10/09/2025 07:38:56","10/09/2025 07:38:56","False"
,,,,,"10/09/2025 10:03:16","10/09/2025 10:03:16","True"
,,,,,"10/09/2025 11:57:43","10/09/2025 11:57:43","False"
,,,,,"10/09/2025 13:36:41","10/09/2025 13:36:41","False"
,,,,,"10/09/2025 15:27:11","10/09/2025 15:27:11","True"
,,,,,"10/09/2025 16:33:41","10/09/2025 16:33:41","False"
,,,,,"10/09/2025 17:05:17","10/09/2025 17:05:17","True"
,,,,,"10/09/2025 19:18:03","10/09/2025 19:18:03","False"
,,,,,"10/09/2025 19:50:29","10/09/2025 19:50:29","True"
,,,,,"10/09/2025 20:44:20","10/09/2025 20:44:20","False"
,,,,,"10/09/2025 22:19:57","10/09/2025 22:19:57","True"
,,,,,"10/09/2025 23:19:01","10/09/2025 23:19:01","True"
,,,,,"10/10/2025 01:08:43","10/10/2025 01:08:43","True"
,,,,,"10/10/2025 04:23:39","10/10/2025 04:23:39","False"
,,,,,"10/10/2025 05:18:04","10/10/2025 05:18:04","True"
,,,,,"10/10/2025 06:03:34","10/10/2025 06:03:34","True"
,,,,,"10/10/2025 06:34:43","10/10/2025 06:34:43","True"
,,,,,"10/10/2025 06:58:59","10/10/2025 06:58:59","True"
,,,,,"10/10/2025 08:53:44","10/10/2025 08:53:44","False"
,,,,,"10/10/2025 12:06:41","10/10/2025 12:06:41","True"
,,,,,"10/10/2025 12:41:08","10/10/2025 12:41:08","True"
,,,,,"10/10/2025 13:17:29","10/10/2025 13:17:29","True"
,,,,,"10/10/2025 13:24:44","10/10/2025 13:24:44","False"
,,,,,"10/10/2025 13:39:31","10/10/2025 13:39:31","True"
,,,,,"10/10/2025 14:57:37","10/10/2025 14:57:37","False"
,,,,,"10/10/2025 15:15:51","10/10/2025 15:15:51","False"
,,,,,"10/10/2025 17:18:00","10/10/2025 17:18:00","False"
,,,,,"10/10/2025 18:33:51","10/10/2025 18:33:51","True"
,,,,,"10/10/2025 20:26:22","10/10/2025 20:26:22","True"
,,,,,"10/10/2025 20:55:21","10/10/2025 20:55:21","True"
,,,,,"10/10/2025 21:26:27","10/10/2025 21:26:27","False"
,,,,,"10/10/2025 21:51:36","10/10/2025 21:51:36","True"
,,,,,"10/10/2025 22:04:11","10/10/2025 22:04:11","False"
,,,,,"10/10/2025 22:24:27","10/10/2025 22:24:27","False"
,,,,,"10/11/2025 04:01:57","10/11/2025 04:01:57","False"
,,,,,"10/11/2025 04:04:42","10/11/2025 04:04:42","False"
,,,,,"10/11/2025 04:56:25","10/11/2025 04:56:25","False"
,,,,,"10/11/2025 06:21:56","10/11/2025 06:21:56","False"
,,,,,"10/11/2025 07:37:15","10/11/2025 07:37:15","False"
,,,,,"10/11/2025 09:21:52","10/11/2025 09:21:52","False"
,,,,,"10/11/2025 10:00:39","10/11/2025 10:00:39","True"
,,,,,"10/11/2025 10:52:33","10/11/2025 10:52:33","False"
,,,,,"10/11/2025 13:32:05","10/11/2025 13:32:05","False"
,,,,,"10/11/2025 15:52:44","10/11/2025 15:52:44","False"
,,,,,"10/11/2025 18:32:37","10/11/2025 18:32:37","False"
,,,,,"10/11/2025 19:30:39","10/11/2025 19:30:39","True"
,,,,,"10/11/2025 21:16:42","10/11/2025 21:16:42","True"
,,,,,"10/11/2025 23:19:09","10/11/2025 23:19:09","True"
,,,,,"10/12/2025 05:29:00","10/12/2025 05:29:00","False"
,,,,,"10/12/2025 05:37:10","10/12/2025 05:37:10","False"
,,,,,"10/12/2025 05:46:24","10/12/2025 05:46:24","False"
,,,,,"10/12/2025 05:55:44","10/12/2025 05:55:44","True"
,,,,,"10/12/2025 06:29:27","10/12/2025 06:29:27","False"
,,,,,"10/12/2025 08:47:25","10/12/2025 08:47:25","True"
,,,,,"10/12/2025 11:31:58","10/12/2025 11:31:58","False"
,,,,,"10/12/2025 11:40:29","10/12/2025 11:40:29","False"
,,,,,"10/12/2025 12:13:55","10/12/2025 12:13:55","False"
,,,,,"10/12/2025 12:49:37","10/12/2025 12:49:37","False"
,,,,,"10/12/2025 13:46:03","10/12/2025 13:46:03","True"
,,,,,"10/12/2025 14:47:17","10/12/2025 14:47:17","True"
,,,,,"10/12/2025 15:30:59","10/12/2025 15:30:59","False"
,,,,,"10/12/2025 16:05:42","10/12/2025 16:05:42","False"
,,,,,"10/12/2025 17:17:57","10/12/2025 17:17:57","False"
,,,,,"10/12/2025 17:18:07","10/12/2025 17:18:07","True"
,,,,,"10/12/2025 20:09:53","10/12/2025 20:09:53","True"
,,,,,"10/12/2025 21:44:12","10/12/2025 21:44:12","True"
,,,,,"10/12/2025 22:50:29","10/12/2025 22:50:29","False"
,,,,,"10/12/2025 23:40:10","10/12/2025 23:40:10","True"
,,,,,"10/13/2025 00:22:52","10/13/2025 00:22:52","True"
,,,,,"10/13/2025 01:59:10","10/13/2025 01:59:10","True"
,,,,,"10/13/2025 04:46:10","10/13/2025 04:46:10","True"
,,,,,"10/13/2025 05:12:37","10/13/2025 05:12:37","True"
,,,,,"10/13/2025 06:21:43","10/13/2025 06:21:43","True"
,,,,,"10/13/2025 06:47:46","10/13/2025 06:47:46","False"
,,,,,"10/13/2025 08:08:01","10/13/2025 08:08:01","True"
,,,,,"10/13/2025 08:53:26","10/13/2025 08:53:26","False"
,,,,,"10/13/2025 09:18:01","10/13/2025 09:18:01","False"
,,,,,"10/13/2025 09:46:10","10/13/2025 09:46:10","False"
,,,,,"10/13/2025 09:55:12","10/13/2025 09:55:12","False"
,,,,,"10/13/2025 10:16:46","10/13/2025 10:16:46","True"
,,,,,"10/13/2025 10:27:37","10/13/2025 10:27:37","False"
,,,,,"10/13/2025 10:31:28","10/13/2025 10:31:28","False"
,,,,,"10/13/2025 10:55:52","10/13/2025 10:55:52","True"
,,,,,"10/13/2025 14:48:47","10/13/2025 14:48:47","False"
,,,,,"10/13/2025 19:30:39","10/13/2025 19:30:39","False"
,,,,,"10/13/2025 20:31:53","10/13/2025 20:31:53","True"
,,,,,"10/13/2025 20:37:00","10/13/2025 20:37:00","True"
,,,,,"10/13/2025 23:22:37","10/13/2025 23:22:37","True"
,,,,,"10/13/2025 23:32:14","10/13/2025 23:32:14","True"
,,,,,"10/14/2025 03:19:26","10/14/2025 03:19:26","True"
,,,,,"10/14/2025 05:56:54","10/14/2025 05:56:54","True"
,,,,,"10/14/2025 08:13:42","10/14/2025 08:13:42","True"
,,,,,"10/14/2025 08:50:11","10/14/2025 08:50:11","True"
,,,,,"10/14/2025 09:01:46","10/14/2025 09:01:46","True"
,,,,,"10/14/2025 09:12:05","10/14/2025 09:12:05","True"
,,,,,"10/14/2025 09:22:57","10/14/2025 09:22:57","False"
,,,,,"10/14/2025 13:18:31","10/14/2025 13:18:31","True"
,,,,,"10/14/2025 13:40:32","10/14/2025 13:40:32","True"
,,,,,"10/14/2025 14:05:51","10/14/2025 14:05:51","False"
,,,,,"10/14/2025 16:45:36","10/14/2025 16:45:36","False"
,,,,,"10/14/2025 17:26:10","10/14/2025 17:26:10","False"
,,,,,"10/14/2025 17:59:14","10/14/2025 17:59:14","True"
,,,,,"10/14/2025 20:48:33","10/14/2025 20:48:33","False"
,,,,,"10/14/2025 22:06:19","10/14/2025 22:06:19","False"
,,,,,"10/15/2025 05:16:39","10/15/2025 05:16:39","False"
,,,,,"10/15/2025 05:53:42","10/15/2025 05:53:42","False"
,,,,,"10/15/2025 07:44:42","10/15/2025 07:44:42","True"
,,,,,"10/15/2025 08:03:06","10/15/2025 08:03:06","False"
,,,,,"10/15/2025 08:18:02","10/15/2025 08:18:02","False"
,,,,,"10/15/2025 08:37:56","10/15/2025 08:37:56","True"
,,,,,"10/15/2025 09:11:12","10/15/2025 09:11:12","True"
,,,,,"10/15/2025 09:40:48","10/15/2025 09:40:48","False"
,,,,,"10/15/2025 09:54:50","10/15/2025 09:54:50","True"
,,,,,"10/15/2025 09:57:08","10/15/2025 09:57:08","False"
,,,,,"10/15/2025 10:30:18","10/15/2025 10:30:18","False"
,,,,,"10/15/2025 10:48:30","10/15/2025 10:48:30","False"
,,,,,"10/15/2025 10:51:41","10/15/2025 10:51:41","True"
,,,,,"10/15/2025 10:54:56","10/15/2025 10:54:56","False"
,,,,,"10/15/2025 10:54:57","10/15/2025 10:54:57","False"
,,,,,"10/15/2025 11:08:12","10/15/2025 11:08:12","False"
,,,,,"10/15/2025 11:08:42","10/15/2025 11:08:42","False"
,,,,,"10/15/2025 11:25:32","10/15/2025 11:25:32","False"
,,,,,"10/15/2025 11:40:00","10/15/2025 11:40:00","False"
,,,,,"10/15/2025 11:57:52","10/15/2025 11:57:52","False"
,,,,,"10/15/2025 12:09:11","10/15/2025 12:09:11","False"
,,,,,"10/15/2025 12:55:33","10/15/2025 12:55:33","False"
,,,,,"10/15/2025 13:00:08","10/15/2025 13:00:08","True"
,,,,,"10/15/2025 13:16:51","10/15/2025 13:16:51","False"
,,,,,"10/15/2025 14:25:36","10/15/2025 14:25:36","False"
,,,,,"10/15/2025 14:38:56","10/15/2025 14:38:56","False"
,,,,,"10/15/2025 14:58:06","10/15/2025 14:58:06","False"
,,,,,"10/15/2025 15:22:33","10/15/2025 15:22:33","True"
,,,,,"10/15/2025 15:50:52","10/15/2025 15:50:52","False"
,,,,,"10/15/2025 16:28:18","10/15/2025 16:28:18","True"
,,,,,"10/15/2025 17:20:51","10/15/2025 17:20:51","True"
,,,,,"10/15/2025 18:34:11","10/15/2025 18:34:11","False"
,,,,,"10/15/2025 19:48:40","10/15/2025 19:48:40","False"
,,,,,"10/15/2025 22:56:48","10/15/2025 22:56:48","False"
,,,,,"10/15/2025 23:01:42","10/15/2025 23:01:42","False"
,,,,,"10/15/2025 23:11:19","10/15/2025 23:11:19","False"
,,,,,"10/15/2025 23:19:27","10/15/2025 23:19:27","True"
,,,,,"10/15/2025 23:23:22","10/15/2025 23:23:22","True"
,,,,,"10/15/2025 23:26:13","10/15/2025 23:26:13","True"
,,,,,"10/16/2025 07:25:20","10/16/2025 07:25:20","False"
,,,,,"10/16/2025 08:00:51","10/16/2025 08:00:51","True"
,,,,,"10/16/2025 08:50:47","10/16/2025 08:50:47","True"
,,,,,"10/16/2025 09:55:37","10/16/2025 09:55:37","True"
,,,,,"10/16/2025 10:03:40","10/16/2025 10:03:40","True"
,,,,,"10/16/2025 10:29:57","10/16/2025 10:29:57","False"
,,,,,"10/16/2025 10:34:55","10/16/2025 10:34:55","True"
,,,,,"10/16/2025 13:32:28","10/16/2025 13:32:28","True"
,,,,,"10/16/2025 13:58:15","10/16/2025 13:58:15","False"
,,,,,"10/16/2025 14:30:43","10/16/2025 14:30:43","True"
,,,,,"10/16/2025 16:55:46","10/16/2025 16:55:46","True"
,,,,,"10/16/2025 17:12:11","10/16/2025 17:12:11","True"
,,,,,"10/16/2025 17:40:56","10/16/2025 17:40:56","True"
,,,,,"10/16/2025 20:22:46","10/16/2025 20:22:46","True"
,,,,,"10/16/2025 21:14:59","10/16/2025 21:14:59","True"
,,,,,"10/16/2025 21:51:16","10/16/2025 21:51:16","True"
,,,,,"10/16/2025 23:39:58","10/16/2025 23:39:58","False"
,,,,,"10/17/2025 02:44:03","10/17/2025 02:44:03","False"
,,,,,"10/17/2025 04:20:04","10/17/2025 04:20:04","True"
,,,,,"10/17/2025 06:25:42","10/17/2025 06:25:42","False"
,,,,,"10/17/2025 09:13:46","10/17/2025 09:13:46","True"
,,,,,"10/17/2025 14:21:42","10/17/2025 14:21:42","False"
,,,,,"10/17/2025 15:13:28","10/17/2025 15:13:28","True"
,,,,,"10/17/2025 15:36:22","10/17/2025 15:36:22","False"
,,,,,"10/17/2025 16:14:41","10/17/2025 16:14:41","True"
,,,,,"10/17/2025 17:23:13","10/17/2025 17:23:13","False"
,,,,,"10/17/2025 17:31:54","10/17/2025 17:31:54","True"
,,,,,"10/17/2025 18:06:34","10/17/2025 18:06:34","True"
,,,,,"10/17/2025 21:37:35","10/17/2025 21:37:35","True"
,,,,,"10/17/2025 23:12:58","10/17/2025 23:12:58","True"
,,,,,"10/18/2025 01:51:14","10/18/2025 01:51:14","False"
,,,,,"10/18/2025 01:58:45","10/18/2025 01:58:45","True"
,,,,,"10/18/2025 15:24:08","10/18/2025 15:24:08","True"
,,,,,"10/18/2025 22:42:49","10/18/2025 22:42:49","True"
,,,,,"10/19/2025 07:31:09","10/19/2025 07:31:09","False"
,,,,,"10/19/2025 10:17:44","10/19/2025 10:17:44","False"
,,,,,"10/19/2025 12:42:23","10/19/2025 12:42:23","True"
,,,,,"10/19/2025 13:04:28","10/19/2025 13:04:28","True"
,,,,,"10/19/2025 15:06:55","10/19/2025 15:06:55","False"
,,,,,"10/19/2025 15:09:17","10/19/2025 15:09:17","True"
,,,,,"10/19/2025 19:24:20","10/19/2025 19:24:20","True"
,,,,,"10/20/2025 01:48:50","10/20/2025 01:48:50","True"
,,,,,"10/20/2025 04:48:59","10/20/2025 04:48:59","False"
,,,,,"10/20/2025 04:59:24","10/20/2025 04:59:24","False"
,,,,,"10/20/2025 10:18:38","10/20/2025 10:18:38","True"
,,,,,"10/20/2025 10:24:39","10/20/2025 10:24:39","True"
,,,,,"10/20/2025 11:44:12","10/20/2025 11:44:12","True"
,,,,,"10/20/2025 12:15:45","10/20/2025 12:15:45","True"
,,,,,"10/20/2025 14:20:04","10/20/2025 14:20:04","False"
,,,,,"10/20/2025 14:23:33","10/20/2025 14:23:33","False"
,,,,,"10/20/2025 15:12:53","10/20/2025 15:12:53","False"
,,,,,"10/20/2025 16:49:08","10/20/2025 16:49:08","False"
,,,,,"10/20/2025 21:38:03","10/20/2025 21:38:03","True"
,,,,,"10/20/2025 21:39:25","10/20/2025 21:39:25","True"
,,,,,"10/20/2025 22:50:49","10/20/2025 22:50:49","True"
,,,,,"10/21/2025 00:13:20","10/21/2025 00:13:20","True"
,,,,,"10/21/2025 03:20:23","10/21/2025 03:20:23","False"
,,,,,"10/21/2025 05:01:08","10/21/2025 05:01:08","True"
,,,,,"10/21/2025 05:36:06","10/21/2025 05:36:06","False"
,,,,,"10/21/2025 06:10:48","10/21/2025 06:10:48","True"
,,,,,"10/21/2025 11:53:38","10/21/2025 11:53:38","False"
,,,,,"10/21/2025 12:30:16","10/21/2025 12:30:16","True"
,,,,,"10/21/2025 12:42:58","10/21/2025 12:42:58","True"
,,,,,"10/21/2025 13:01:53","10/21/2025 13:01:53","True"
,,,,,"10/21/2025 15:24:52","10/21/2025 15:24:52","False"
,,,,,"10/21/2025 15:39:27","10/21/2025 15:39:27","False"
,,,,,"10/21/2025 16:42:43","10/21/2025 16:42:43","True"
,,,,,"10/21/2025 18:27:55","10/21/2025 18:27:55","True"
,,,,,"10/22/2025 01:37:12","10/22/2025 01:37:12","True"
,,,,,"10/22/2025 04:58:24","10/22/2025 04:58:24","True"
,,,,,"10/22/2025 05:01:59","10/22/2025 05:01:59","True"
,,,,,"10/22/2025 05:02:15","10/22/2025 05:02:15","False"
,,,,,"10/22/2025 05:23:02","10/22/2025 05:23:02","True"
,,,,,"10/22/2025 06:51:20","10/22/2025 06:51:20","True"
,,,,,"10/22/2025 08:48:21","10/22/2025 08:48:21","False"
,,,,,"10/22/2025 09:27:46","10/22/2025 09:27:46","True"
,,,,,"10/22/2025 10:29:05","10/22/2025 10:29:05","False"
,,,,,"10/22/2025 10:55:52","10/22/2025 10:55:52","True"
,,,,,"10/22/2025 11:49:06","10/22/2025 11:49:06","True"
,,,,,"10/22/2025 12:31:10","10/22/2025 12:31:10","True"
,,,,,"10/22/2025 12:32:11","10/22/2025 12:32:11","True"
,,,,,"10/22/2025 13:15:36","10/22/2025 13:15:36","False"
,,,,,"10/22/2025 13:21:55","10/22/2025 13:21:55","True"
,,,,,"10/22/2025 15:24:45","10/22/2025 15:24:45","False"
,,,,,"10/22/2025 16:32:02","10/22/2025 16:32:02","True"
,,,,,"10/22/2025 17:23:24","10/22/2025 17:23:24","False"
,,,,,"10/22/2025 21:14:37","10/22/2025 21:14:37","True"
,,,,,"10/22/2025 21:31:44","10/22/2025 21:31:44","True"
,,,,,"10/22/2025 23:35:22","10/22/2025 23:35:22","True"
,,,,,"10/23/2025 00:29:46","10/23/2025 00:29:46","True"
,,,,,"10/23/2025 00:48:29","10/23/2025 00:48:29","True"
,,,,,"10/23/2025 01:37:19","10/23/2025 01:37:19","False"
,,,,,"10/23/2025 02:19:25","10/23/2025 02:19:25","True"
,,,,,"10/23/2025 03:06:46","10/23/2025 03:06:46","True"
,,,,,"10/23/2025 09:02:53","10/23/2025 09:02:53","True"
,,,,,"10/23/2025 10:59:20","10/23/2025 10:59:20","False"
,,,,,"10/23/2025 13:21:29","10/23/2025 13:21:29","True"
,,,,,"10/23/2025 14:57:35","10/23/2025 14:57:35","True"
,,,,,"10/23/2025 16:30:49","10/23/2025 16:30:49","True"
,,,,,"10/23/2025 17:46:28","10/23/2025 17:46:28","False"
,,,,,"10/23/2025 18:25:27","10/23/2025 18:25:27","True"
,,,,,"10/23/2025 19:42:49","10/23/2025 19:42:49","True"
,,,,,"10/23/2025 20:58:43","10/23/2025 20:58:43","True"
,,,,,"10/24/2025 05:01:45","10/24/2025 05:01:45","True"
,,,,,"10/24/2025 08:43:04","10/24/2025 08:43:04","False"
,,,,,"10/24/2025 08:44:54","10/24/2025 08:44:54","True"
,,,,,"10/24/2025 09:20:18","10/24/2025 09:20:18","True"
,,,,,"10/24/2025 10:30:33","10/24/2025 10:30:33","True"
,,,,,"10/24/2025 10:32:48","10/24/2025 10:32:48","True"
,,,,,"10/24/2025 10:51:50","10/24/2025 10:51:50","False"
,,,,,"10/24/2025 11:01:41","10/24/2025 11:01:41","False"
,,,,,"10/24/2025 12:13:10","10/24/2025 12:13:10","True"
,,,,,"10/24/2025 12:42:02","10/24/2025 12:42:02","True"
,,,,,"10/24/2025 14:03:45","10/24/2025 14:03:45","True"
,,,,,"10/24/2025 16:04:41","10/24/2025 16:04:41","True"
,,,,,"10/24/2025 16:26:39","10/24/2025 16:26:39","False"
,,,,,"10/24/2025 17:17:01","10/24/2025 17:17:01","False"
,,,,,"10/24/2025 17:23:59","10/24/2025 17:23:59","True"
,,,,,"10/24/2025 18:56:55","10/24/2025 18:56:55","False"
,,,,,"10/24/2025 19:02:09","10/24/2025 19:02:09","False"
,,,,,"10/24/2025 19:29:43","10/24/2025 19:29:43","True"
,,,,,"10/24/2025 21:10:24","10/24/2025 21:10:24","True"
,,,,,"10/25/2025 00:32:05","10/25/2025 00:32:05","False"
,,,,,"10/25/2025 00:44:26","10/25/2025 00:44:26","False"
,,,,,"10/25/2025 01:16:34","10/25/2025 01:16:34","True"
,,,,,"10/25/2025 01:19:07","10/25/2025 01:19:07","False"
,,,,,"10/25/2025 01:41:56","10/25/2025 01:41:56","True"
,,,,,"10/25/2025 02:26:04","10/25/2025 02:26:04","False"
,,,,,"10/25/2025 02:41:35","10/25/2025 02:41:35","True"
,,,,,"10/25/2025 04:36:04","10/25/2025 04:36:04","True"
,,,,,"10/25/2025 04:43:03","10/25/2025 04:43:03","True"
,,,,,"10/25/2025 04:49:13","10/25/2025 04:49:13","True"
,,,,,"10/25/2025 05:47:47","10/25/2025 05:47:47","True"
,,,,,"10/25/2025 06:49:53","10/25/2025 06:49:53","True"
,,,,,"10/25/2025 08:26:43","10/25/2025 08:26:43","True"
,,,,,"10/25/2025 09:09:32","10/25/2025 09:09:32","True"
,,,,,"10/25/2025 14:59:09","10/25/2025 14:59:09","True"
,,,,,"10/25/2025 15:08:23","10/25/2025 15:08:23","True"
,,,,,"10/25/2025 15:26:18","10/25/2025 15:26:18","True"
,,,,,"10/25/2025 20:00:28","10/25/2025 20:00:28","True"
